1.0,0.6561415689919321,0.0,0.0,0.9679554429612734,0.0,0.0,0.0,0.0,0.0,0.0,0.0,0.7539144980969839,0.0,0.8332875956650307,0.0,0.6576909796963474,0.0,0.0,0.0,0.0,0.7569922954425925,0.0,0.9742754004652114,0.8827355627149305,0.0,0.0,0.0,0.0,0.0,0.5997383665486203,0.0,0.0,0.0,0.0,0.0,0.7878270318921733,0.0,0.0,0.9742757558158389,0.6630649360643139,0.7220295115434605,0.0,0.6303480867341841,0.0,0.0,0.0,0.0,0.0,0.0,0.0,0.0,0.0,0.0,0.0,0.5782912357695903,0.0,0.0,0.0,0.0,0.0,0.0,0.0,0.0,0.0,0.0,0.0,0.0,0.0,0.0,0.0,0.0,0.0,0.0,0.0,0.9719001535447657,0.6416816832910334,0.7222141942101674,0.0,0.0,0.9826198256608673,0.0,0.0,0.0,0.8580836544563589,0.0,0.0,0.0,0.868619064539859,0.8988812422017669,0.0,0.0,0.0,0.0,0.0,0.0,0.0,0.0,0.7948610722358918,0.0,0.0,0.5559593100325123,0.0,0.0,0.0,0.836823436492193,0.0,0.0,0.7644729628816694,0.7459376965599442,0.0,0.0,0.0,0.7449736743251716
0.6561415689919321,1.0,0.0,0.8907314812803523,0.7867415151605028,0.0,0.0,0.0,0.6634764822742764,0.0,0.0,0.0,0.6188785271445367,0.7443328202670659,0.9467722899581688,0.7757493614788158,0.9325729741715053,0.0,0.0,0.5733279976940286,0.0,0.9794314485487208,0.8756424543730879,0.0,0.5946917657728269,0.6051184189609342,0.0,0.0,0.0,0.0,0.6944888061124549,0.0,0.0,0.6497997239001456,0.6088424052317883,0.7145665587403371,0.9737017991939141,0.6420614792019873,0.0,0.7468238594736369,0.5750072106938179,0.0,0.0,0.0,0.7942004531619637,0.0,0.0,0.0,0.0,0.0,0.0,0.0,0.0,0.0,0.0,0.9630879362500976,0.0,0.6528998470555641,0.0,0.5750147212326185,0.0,0.0,0.0,0.9056108947771336,0.7340109537234182,0.0,0.7961832898634865,0.0,0.0,0.0,0.0,0.6967776801215121,0.8273723570783208,0.0,0.0,0.0,0.0,0.0,0.0,0.0,0.7162505804286828,0.0,0.0,0.0,0.5529296356815977,0.0,0.0,0.0,0.9005451981146672,0.8968514489403845,0.0,0.6978247182490191,0.7527585816521061,0.0,0.0,0.8006539771959285,0.6465266361485277,0.0,0.969915473815167,0.7336437059491995,0.0,0.0,0.0,0.0,0.0,0.0,0.0,0.0,0.0,0.0,0.0,0.0,0.0,0.8708936549179336
0.0,0.0,1.0,0.0,0.0,0.0,0.8330646198248629,0.7431762784148828,0.0,0.0,0.0,0.0,0.0,0.0,0.0,0.0,0.0,0.68801383258008,0.0,0.0,0.9437792019972073,0.0,0.0,0.0,0.0,0.0,0.9175517860006682,0.9548771618272089,0.0,0.8330689509744181,0.0,0.607389706920991,0.8795274157288815,0.0,0.5788530335948956,0.0,0.0,0.5508329898528488,0.8375984721370558,0.0,0.0,0.0,0.8119769202119292,0.0,0.0,0.0,0.0,0.0,0.0,0.0,0.0,0.0,0.0,0.0,0.7574130399133837,0.0,0.0,0.0,0.0,0.0,0.0,0.6449167335752968,0.0,0.0,0.0,0.0,0.0,0.6208390516399152,0.0,0.0,0.8594713303626675,0.0,0.0,0.0,0.0,0.0,0.0,0.0,0.0,0.0,0.0,0.0,0.0,0.0,0.0,0.870925739337295,0.0,0.8171327834912312,0.0,0.0,0.6636025504948715,0.0,0.0,0.6335977069496932,0.0,0.0,0.0,0.0,0.0,0.0,0.0,0.0,0.8274508558327538,0.8828054452718298,0.0,0.0,0.0,0.6678862434047081,0.0,0.0,0.9187779477622547,0.0,0.0,0.0
0.0,0.8907314812803523,0.0,1.0,0.5997167927862681,0.0,0.0,0.0,0.9115808361001768,0.0,0.0,0.0,0.0,0.0,0.8327200700868203,0.5641799381487567,0.9684159971441372,0.0,0.0,0.7570126982586188,0.0,0.8869546862394234,0.9991867392819976,0.0,0.0,0.0,0.0,0.0,0.0,0.0,0.0,0.0,0.0,0.8498188395432803,0.8756465932731825,0.7460766394361403,0.8234309961214655,0.896864505508031,0.5878265176882416,0.5510603808901354,0.0,0.0,0.0,0.0,0.6124780038513509,0.0,0.0,0.0,0.0,0.0,0.0,0.0,0.0,0.0,0.69502941162571,0.7752483453122507,0.0,0.5753031788987896,0.0,0.7112194472203809,0.0,0.7563945082764806,0.0,0.9553480753674749,0.9542644565448706,0.0,0.8368863156324272,0.7816535833406154,0.0,0.0,0.0,0.0,0.5639442408574951,0.0,0.0,0.0,0.0,0.0,0.0,0.0,0.0,0.0,0.0,0.0,0.0,0.0,0.5954795860559806,0.0,0.6907266091370945,0.7661268221449418,0.0,0.8035207817711927,0.9628428686926588,0.7597093607691011,0.0,0.7910035354615571,0.8857812681960228,0.0,0.8502132490843787,0.5920956974734092,0.0,0.0,0.0,0.0,0.0,0.0,0.0,0.0,0.0,0.0,0.0,0.0,0.0,0.9046077946184585
0.9679554429612734,0.7867415151605028,0.0,0.5997167927862681,1.0,0.0,0.0,0.0,0.0,0.0,0.0,0.0,0.8315815088203348,0.6655171244057944,0.9192807606960105,0.0,0.745496086530293,0.0,0.0,0.0,0.0,0.8618139248247945,0.5753418849707242,0.8922526943740395,0.9058405058069581,0.0,0.0,0.0,0.0,0.0,0.7286240519900357,0.0,0.0,0.0,0.0,0.0,0.8988821718745663,0.0,0.0,0.9967509447545144,0.7527322595963692,0.7706981555970536,0.0,0.662166595344003,0.0,0.0,0.0,0.0,0.0,0.0,0.0,0.0,0.0,0.0,0.0,0.7283238997618089,0.0,0.0,0.0,0.0,0.0,0.0,0.0,0.0,0.0,0.0,0.0,0.0,0.0,0.0,0.0,0.0,0.6631004300932914,0.0,0.0,0.8857425923968669,0.6149836217346966,0.6340442183017097,0.0,0.0,0.992008523809485,0.0,0.0,0.0,0.7807119160166818,0.0,0.0,0.0,0.9624597233880215,0.9609184150160833,0.0,0.0,0.0,0.0,0.0,0.0,0.0,0.0,0.8961353454398298,0.0,0.0,0.6121067595210472,0.0,0.0,0.0,0.6967310828752804,0.0,0.0,0.6701492249116703,0.6484217043290228,0.0,0.0,0.0,0.7978706926213209
0.0,0.0,0.0,0.0,0.0,1.0,0.0,0.6726146413546238,0.0,0.0,0.0,0.0,0.0,0.0,0.0,0.0,0.0,0.0,0.0,0.0,0.0,0.0,0.0,0.0,0.0,0.0,0.0,0.0,0.0,0.0,0.0,0.0,0.0,0.0,0.0,0.0,0.0,0.0,0.0,0.0,0.0,0.0,0.0,0.0,0.0,0.0,0.0,0.0,0.935567595113317,0.0,0.0,0.0,0.0,0.0,0.0,0.0,0.0,0.0,0.0,0.0,0.0,0.644117546808948,0.9037080751987974,0.0,0.0,0.9355675951133173,0.0,0.0,0.0,0.0,0.57534082996487,0.0,0.0,0.0,0.0,0.0,0.0,0.0,0.0,0.0,0.0,0.0,0.0,0.0,0.679334531128656,0.5973757242859776,0.9119655033967445,0.625420925444381,0.0,0.0,0.0,0.0,0.0,0.0,0.9760566360077125,0.0,0.564199216808212,0.0,0.0,0.0,0.0,0.0,0.0,0.0,0.0,0.0,0.0,0.0,0.7741474382231991,0.7878371432550741,0.0,0.0,0.0,0.0
0.0,0.0,0.8330646198248629,0.0,0.0,0.0,1.0,0.0,0.7491356367828743,0.6208723912857413,0.0,0.0,0.0,0.0,0.0,0.0,0.0,0.966246015462632,0.0,0.6720096215947938,0.6486223754831967,0.0,0.0,0.0,0.0,0.0,0.9172226047017148,0.7269801673420283,0.0,0.9870668007066408,0.0,0.7917533159557923,0.8333720624195017,0.695954639121392,0.7854985861265544,0.0,0.0,0.7217049281256249,0.9771227232047633,0.0,0.0,0.0,0.5631260376505764,0.0,0.0,0.0,0.0,0.0,0.0,0.0,0.0,0.0,0.0,0.0,0.9362232676624765,0.0,0.0,0.0,0.0,0.5624188754692304,0.0,0.6905322338401142,0.0,0.0,0.662787057282598,0.0,0.0,0.8836677171949364,0.5531255182317865,0.0,0.5910791437586045,0.0,0.0,0.0,0.0,0.0,0.0,0.0,0.0,0.0,0.0,0.0,0.0,0.0,0.0,0.7400938133253412,0.0,0.5530846767292076,0.0,0.0,0.7882557065455778,0.0,0.6389600369544362,0.8988955079420431,0.0,0.0,0.6484339428793822,0.5765494922360213,0.0,0.0,0.0,0.0,0.9192817502559667,0.561740288707636,0.0,0.0,0.0,0.0,0.0,0.0,0.8951655653970261,0.0,0.0,0.0
0.0,0.0,0.7431762784148828,0.0,0.0,0.6726146413546238,0.0,1.0,0.0,0.0,0.0,0.0,0.0,0.0,0.0,0.0,0.0,0.0,0.0,0.0,0.7491369843558809,0.0,0.0,0.0,0.0,0.0,0.0,0.6417291545526962,0.0,0.0,0.0,0.0,0.7942683355509883,0.0,0.0,0.0,0.0,0.0,0.5547028608187299,0.0,0.0,0.0,0.0,0.0,0.0,0.0,0.0,0.0,0.0,0.0,0.0,0.0,0.0,0.0,0.0,0.0,0.0,0.0,0.0,0.0,0.0,0.6761690472630857,0.0,0.0,0.0,0.0,0.0,0.0,0.0,0.0,0.976060053379002,0.0,0.0,0.0,0.0,0.0,0.0,0.0,0.0,0.0,0.0,0.0,0.0,0.0,0.0,0.8875767674915679,0.6622111432721987,0.9904834271354587,0.0,0.0,0.0,0.0,0.0,0.0,0.7491329424844624,0.0,0.0,0.0,0.0,0.0,0.0,0.0,0.0,0.6941250715674331,0.0,0.0,0.0,0.0,0.0,0.0,0.0,0.0,0.0,0.0
0.0,0.6634764822742764,0.0,0.9115808361001768,0.0,0.0,0.7491356367828743,0.0,1.0,0.0,0.0,0.0,0.0,0.0,0.5946921888758906,0.0,0.8097063838837093,0.7677387791215751,0.0,0.8464819057747882,0.0,0.6576937898062366,0.9257818330935611,0.0,0.0,0.0,0.0,0.0,0.0,0.6576976562731395,0.0,0.0,0.7564192856367434,0.925506423746784,0.9929033484646245,0.6851452662185737,0.5750132185954393,0.9794364016342297,0.8333070722518746,0.0,0.0,0.0,0.0,0.0,0.0,0.0,0.0,0.0,0.0,0.0,0.0,0.0,0.0,0.0,0.9128961753732964,0.0,0.0,0.0,0.0,0.7608129041970588,0.0,0.8688025488724127,0.0,0.8463332779140861,0.9863752250439595,0.0,0.760798984260287,0.9609180808185619,0.0,0.0,0.0,0.0,0.0,0.0,0.0,0.0,0.0,0.0,0.0,0.0,0.0,0.0,0.0,0.0,0.0,0.6632247714110491,0.601501661644101,0.0,0.0,0.0,0.0,0.7968390501816008,0.9791790283646231,0.9492623807475692,0.0,0.6844530540863334,0.9368789300227306,0.0,0.6102622671599618,0.0,0.0,0.0,0.0,0.0,0.0,0.0,0.0,0.0,0.0,0.0,0.0,0.0,0.0,0.7408064879413636
0.0,0.0,0.0,0.0,0.0,0.0,0.6208723912857413,0.0,0.0,1.0,0.0,0.0,0.0,0.0,0.0,0.0,0.0,0.7444182182628185,0.0,0.5997146732853842,0.0,0.0,0.0,0.0,0.0,0.0,0.0,0.0,0.9711351681847736,0.6669613108835848,0.0,0.8297117189964016,0.0,0.0,0.0,0.0,0.0,0.0,0.0,0.0,0.0,0.0,0.0,0.0,0.0,0.0,0.0,0.0,0.0,0.0,0.0,0.0,0.0,0.0,0.0,0.0,0.0,0.0,0.0,0.5733273411011347,0.0,0.0,0.0,0.0,0.0,0.0,0.0,0.0,0.9754676793668048,0.0,0.0,0.0,0.0,0.0,0.0,0.0,0.0,0.0,0.7458303801506085,0.0,0.0,0.0,0.0,0.0,0.0,0.0,0.0,0.0,0.0,0.0,0.7458303801503884,0.0,0.0,0.0,0.0,0.0,0.0,0.6016429594029093,0.0,0.0,0.0,0.0,0.6630613739901727,0.0,0.0,0.0,0.9326119351353593,0.0,0.0,0.0,0.0,0.0,0.0,0.0
0.0,0.0,0.0,0.0,0.0,0.0,0.0,0.0,0.0,0.0,1.0,0.0,0.0,0.0,0.0,0.0,0.0,0.0,0.0,0.0,0.0,0.0,0.0,0.0,0.0,0.0,0.0,0.0,0.0,0.0,0.0,0.0,0.0,0.0,0.0,0.0,0.0,0.0,0.0,0.0,0.0,0.0,0.0,0.0,0.0,0.0,0.0,0.0,0.0,0.0,0.0,0.0,0.0,0.0,0.0,0.0,0.0,0.0,0.0,0.0,0.5609383099989904,0.0,0.0,0.0,0.0,0.0,0.0,0.0,0.0,0.0,0.0,0.0,0.0,0.0,0.0,0.0,0.0,0.0,0.0,0.0,0.0,0.0,0.0,0.0,0.0,0.0,0.0,0.0,0.0,0.0,0.0,0.0,0.0,0.0,0.0,0.0,0.0,0.0,0.0,0.0,0.9592373678756667,0.0,0.0,0.0,0.0,0.0,0.0,0.0,0.0,0.0,0.0,0.0,0.0,0.0
0.0,0.0,0.0,0.0,0.0,0.0,0.0,0.0,0.0,0.0,0.0,1.0,0.0,0.0,0.0,0.0,0.0,0.0,0.0,0.0,0.0,0.0,0.0,0.0,0.0,0.0,0.0,0.0,0.0,0.0,0.0,0.0,0.0,0.0,0.0,0.0,0.0,0.0,0.0,0.0,0.0,0.0,0.0,0.0,0.0,0.552598774714327,0.0,0.0,0.0,0.0,0.6045342901053843,0.0,0.8689825740810128,0.0,0.0,0.0,0.0,0.0,0.0,0.0,0.5638396258825638,0.0,0.0,0.0,0.0,0.0,0.0,0.0,0.0,0.0,0.0,0.0,0.0,0.0,0.0,0.0,0.0,0.0,0.0,0.7408078852671147,0.0,0.0,0.0,0.0,0.0,0.0,0.0,0.0,0.0,0.0,0.0,0.0,0.0,0.0,0.0,0.0,0.0,0.0,0.0,0.0,0.5772310672751175,0.0,0.0,0.0,0.0,0.0,0.0,0.0,0.0,0.0,0.0,0.0,0.0,0.0
0.7539144980969839,0.6188785271445367,0.0,0.0,0.8315815088203348,0.0,0.0,0.0,0.0,0.0,0.0,0.0,1.0,0.8325149321944086,0.6848468259036087,0.5553416429693209,0.0,0.0,0.0,0.0,0.0,0.6372592103378478,0.0,0.6321134650022747,0.9553263808827003,0.658347932995417,0.0,0.0,0.0,0.0,0.9285087732343048,0.0,0.0,0.0,0.0,0.0,0.7203142940090801,0.0,0.0,0.8535143482769274,0.9880363923236674,0.9791788097610644,0.0,0.9218632744388565,0.0,0.0,0.0,0.0,0.0,0.0,0.0,0.0,0.0,0.0,0.0,0.6702614338126565,0.0,0.0,0.0,0.0,0.0,0.0,0.0,0.0,0.0,0.0,0.0,0.0,0.0,0.0,0.0,0.6630177670020945,0.7569879260652902,0.0,0.0,0.6367569389602042,0.7961645565949764,0.6618699882563237,0.0,0.0,0.8464081304381021,0.0,0.0,0.0,0.0,0.0,0.0,0.0,0.8420967068338908,0.7212296992404433,0.0,0.0,0.0,0.0,0.0,0.0,0.0,0.0,0.6823324822984395,0.0,0.0,0.9199500333540647,0.0,0.0,0.0,0.0,0.0,0.0,0.0,0.0,0.0,0.0,0.0,0.0
0.0,0.7443328202670659,0.0,0.0,0.6655171244057944,0.0,0.0,0.0,0.0,0.0,0.0,0.0,0.8325149321944086,1.0,0.6760663960514268,0.879522613850491,0.0,0.0,0.0,0.0,0.0,0.6845940258853941,0.0,0.0,0.6905021057852688,0.9417115279013417,0.0,0.0,0.0,0.0,0.9737007081227369,0.0,0.0,0.0,0.0,0.0,0.7563375560794451,0.0,0.0,0.6590474225962867,0.8593994299020036,0.7339809739315234,0.0,0.641685330995192,0.8274818448521193,0.0,0.0,0.0,0.0,0.0,0.0,0.0,0.0,0.0,0.0,0.866475224017822,0.6258206489772798,0.5864109482385298,0.0,0.0,0.0,0.0,0.0,0.0,0.0,0.0,0.0,0.0,0.0,0.0,0.0,0.9554389208412272,0.9791788892146936,0.0,0.0,0.0,0.0,0.0,0.0,0.0,0.6321374750888633,0.0,0.0,0.0,0.0,0.0,0.0,0.0,0.7941665371331502,0.6542564978233606,0.0,0.0,0.0,0.0,0.0,0.5705213617521877,0.0,0.0,0.7072367511726464,0.7325418200864872,0.0,0.7042067826588904,0.0,0.0,0.0,0.0,0.0,0.0,0.0,0.0,0.0,0.0,0.0,0.0
0.8332875956650307,0.9467722899581688,0.0,0.8327200700868203,0.9192807606960105,0.0,0.0,0.0,0.5946921888758906,0.0,0.0,0.0,0.6848468259036087,0.6760663960514268,1.0,0.6144630661081717,0.9336017665332534,0.0,0.0,0.0,0.0,0.9899241173540809,0.8119804149060661,0.7431110980096005,0.7176694660072762,0.0,0.0,0.0,0.0,0.0,0.6766178070273706,0.0,0.0,0.0,0.557474063524196,0.0,0.9888436983477012,0.6143587357510545,0.0,0.8869545348839603,0.6167912958036826,0.5834733724205873,0.0,0.0,0.6199689604535216,0.0,0.0,0.0,0.0,0.0,0.0,0.0,0.0,0.0,0.0,0.865236787952112,0.0,0.0,0.0,0.0,0.0,0.0,0.0,0.7763515253900011,0.686382332703316,0.0,0.6168184450276185,0.0,0.0,0.0,0.0,0.5728879019240091,0.7286566196781415,0.0,0.0,0.7257826321047597,0.0,0.0,0.0,0.0,0.8660544421139568,0.0,0.0,0.0,0.7402074177922002,0.0,0.0,0.0,0.9603008587892894,0.9899240022981678,0.0,0.0,0.709664225450541,0.0,0.0,0.6121619438862768,0.652859990245017,0.0,0.996388219970954,0.0,0.0,0.0,0.0,0.0,0.0,0.0,0.0,0.0,0.6368174326812291,0.6144462238031664,0.0,0.0,0.0,0.9383372035740246
0.0,0.7757493614788158,0.0,0.5641799381487567,0.0,0.0,0.0,0.0,0.0,0.0,0.0,0.0,0.5553416429693209,0.879522613850491,0.6144630661081717,1.0,0.5655146647683906,0.0,0.0,0.0,0.0,0.6671921862090124,0.5537227311017413,0.0,0.0,0.9058434632756626,0.0,0.0,0.0,0.0,0.7637710391178492,0.0,0.0,0.0,0.0,0.7423345678705997,0.7030112730588051,0.0,0.0,0.0,0.5749457934920027,0.0,0.0,0.0,0.992008664058362,0.0,0.0,0.0,0.0,0.6799966563557256,0.0,0.0,0.0,0.0,0.0,0.9032287125352952,0.8139283914363862,0.8690964832761794,0.0,0.0,0.0,0.0,0.0,0.7087099656332727,0.0,0.0,0.7459414077749555,0.0,0.0,0.0,0.0,0.9582270079870508,0.9442206510140907,0.0,0.0,0.0,0.0,0.0,0.0,0.0,0.0,0.0,0.0,0.0,0.0,0.0,0.0,0.0,0.6565617832080635,0.554553020580624,0.0,0.6314455147292196,0.0,0.0,0.0,0.8151911675441406,0.0,0.0,0.6628598539040337,0.9602448067208894,0.0,0.0,0.0,0.0,0.0,0.0,0.0,0.0,0.0,0.0,0.0,0.0,0.0,0.0
0.6576909796963474,0.9325729741715053,0.0,0.9684159971441372,0.745496086530293,0.0,0.0,0.0,0.8097063838837093,0.0,0.0,0.0,0.0,0.0,0.9336017665332534,0.5655146647683906,1.0,0.0,0.0,0.6097412740936214,0.0,0.9603021982149955,0.9582273603154456,0.5878034411125701,0.0,0.0,0.0,0.0,0.0,0.0,0.0,0.0,0.0,0.712788331708789,0.7767371013482653,0.6397669429734082,0.9128882129655862,0.8238109491389987,0.0,0.6985193678881563,0.0,0.0,0.0,0.0,0.5978825857950528,0.0,0.0,0.0,0.0,0.0,0.0,0.0,0.0,0.0,0.57501592353289,0.8115756715210181,0.0,0.0,0.0,0.570421190292636,0.0,0.7125348769590804,0.0,0.8958591940080027,0.883851256065752,0.0,0.7400442967149801,0.6484344188505986,0.0,0.0,0.0,0.0,0.6138105728930359,0.0,0.0,0.5657505763365587,0.0,0.0,0.0,0.0,0.6740319120863829,0.0,0.0,0.0,0.6793345311288098,0.0,0.6405052683569408,0.0,0.8119636775643486,0.8894456953287102,0.0,0.6785891786142261,0.9005460999612095,0.6241070951449806,0.0,0.7072853374054182,0.8448902020651282,0.0,0.9386731773994866,0.5527398965140887,0.0,0.0,0.0,0.0,0.0,0.0,0.0,0.0,0.6014503423315077,0.5819528061399926,0.0,0.0,0.0,0.9754561264961966
0.0,0.0,0.68801383258008,0.0,0.0,0.0,0.966246015462632,0.0,0.7677387791215751,0.7444182182628185,0.0,0.0,0.0,0.0,0.0,0.0,0.0,1.0,0.0,0.7901005626879634,0.0,0.0,0.0,0.0,0.0,0.0,0.8274475822914256,0.5829940657926371,0.6367637619023782,0.953750312566494,0.0,0.8114098714997401,0.7158038620863101,0.7867647242414417,0.7816544757191206,0.0,0.0,0.7042169856580374,0.9257946672420578,0.0,0.0,0.0,0.0,0.0,0.0,0.0,0.0,0.0,0.0,0.0,0.0,0.0,0.0,0.0,0.904619976241892,0.0,0.0,0.0,0.0,0.694500473642249,0.0,0.6168496914443874,0.0,0.0,0.672614176445994,0.0,0.0,0.9056105427022861,0.6965331212371254,0.0,0.0,0.0,0.0,0.0,0.0,0.0,0.0,0.0,0.0,0.0,0.0,0.0,0.0,0.0,0.0,0.6052522807947215,0.0,0.0,0.0,0.0,0.7767422561799829,0.6274141907579587,0.6484339428793825,0.9212162991689795,0.0,0.0,0.6143675183723513,0.5516546349366868,0.0,0.0,0.0,0.0,0.8709971779682779,0.0,0.0,0.0,0.0,0.0,0.0,0.0,0.7996667885675457,0.0,0.0,0.0
0.0,0.0,0.0,0.0,0.0,0.0,0.0,0.0,0.0,0.0,0.0,0.0,0.0,0.0,0.0,0.0,0.0,0.0,1.0,0.0,0.0,0.0,0.0,0.0,0.0,0.0,0.0,0.0,0.0,0.0,0.0,0.0,0.0,0.0,0.0,0.0,0.0,0.0,0.0,0.0,0.0,0.0,0.0,0.0,0.0,0.0,0.8709245182172345,0.746879784930677,0.0,0.0,0.0,0.0,0.0,0.0,0.0,0.0,0.0,0.0,0.0,0.0,0.0,0.0,0.0,0.0,0.0,0.0,0.0,0.0,0.0,0.0,0.0,0.0,0.0,0.9719419980699622,0.8303876541882024,0.0,0.0,0.0,0.0,0.0,0.0,0.0,0.8421392389491991,0.9188079736093926,0.0,0.0,0.0,0.0,0.0,0.0,0.0,0.0,0.0,0.0,0.0,0.0,0.0,0.0,0.0,0.0,0.0,0.0,0.0,0.0,0.0,0.0,0.0,0.0,0.0,0.0,0.0,0.7978863241346847,0.6365054121872532,0.0
0.0,0.5733279976940286,0.0,0.7570126982586188,0.0,0.0,0.6720096215947938,0.0,0.8464819057747882,0.5997146732853842,0.0,0.0,0.0,0.0,0.0,0.0,0.6097412740936214,0.7901005626879634,0.0,1.0,0.0,0.0,0.7763487962583719,0.0,0.0,0.0,0.0,0.0,0.0,0.6134862996903091,0.0,0.0,0.0,0.9816341848876183,0.8001952901690121,0.8845506458674651,0.0,0.7370498138256506,0.6844966855171845,0.0,0.0,0.0,0.0,0.0,0.0,0.0,0.0,0.0,0.0,0.0,0.0,0.0,0.0,0.0,0.7500124767326662,0.0,0.0,0.6793830700677812,0.0,0.9818315285130912,0.0,0.0,0.0,0.8303879564142991,0.7873619677978811,0.0,0.8905036766982648,0.8709386900244109,0.6517343530929057,0.5829461510475986,0.0,0.0,0.0,0.0,0.0,0.0,0.0,0.0,0.0,0.0,0.0,0.0,0.0,0.0,0.0,0.0,0.0,0.0,0.0,0.0,0.0,0.9603054741383324,0.7740229146068556,0.8688163726382854,0.0,0.833303482493925,0.6455230567427748,0.0,0.0,0.5897723319631205,0.0,0.0,0.0,0.0,0.0,0.0,0.0,0.0,0.0,0.0,0.0,0.0,0.0,0.0
0.0,0.0,0.9437792019972073,0.0,0.0,0.0,0.6486223754831967,0.7491369843558809,0.0,0.0,0.0,0.0,0.0,0.0,0.0,0.0,0.0,0.0,0.0,0.0,1.0,0.0,0.0,0.0,0.0,0.0,0.8140358226378743,0.9754666954049521,0.0,0.6657388793808151,0.0,0.0,0.7340399295643835,0.0,0.0,0.0,0.0,0.0,0.6455798771054493,0.0,0.0,0.0,0.9037088151281257,0.0,0.0,0.0,0.0,0.0,0.0,0.0,0.0,0.0,0.0,0.0,0.5561592041194553,0.0,0.0,0.0,0.0,0.0,0.0,0.0,0.0,0.0,0.0,0.0,0.0,0.0,0.0,0.0,0.8502132732278499,0.0,0.0,0.0,0.0,0.0,0.0,0.0,0.0,0.0,0.0,0.0,0.0,0.0,0.0,0.7637861149321042,0.0,0.8068740335588208,0.0,0.0,0.564353590346522,0.0,0.0,0.0,0.0,0.0,0.0,0.0,0.0,0.0,0.0,0.0,0.7031804258684433,0.986463984750744,0.0,0.0,0.0,0.7904677387573212,0.0,0.0,0.8296966223496007,0.0,0.0,0.0
0.7569922954425925,0.9794314485487208,0.0,0.8869546862394234,0.8618139248247945,0.0,0.0,0.0,0.6576937898062366,0.0,0.0,0.0,0.6372592103378478,0.6845940258853941,0.9899241173540809,0.6671921862090124,0.9603021982149955,0.0,0.0,0.0,0.0,1.0,0.8690964777923157,0.6605747330604109,0.6498013014221117,0.0,0.0,0.0,0.0,0.0,0.6630292171008435,0.0,0.0,0.5946922523665339,0.6143600527478279,0.6087711362867768,0.9899241173540809,0.6634749607698629,0.0,0.8234298433616937,0.5775832852680733,0.0,0.0,0.0,0.6811867448076664,0.0,0.0,0.0,0.0,0.0,0.0,0.0,0.0,0.0,0.0,0.9039632084883134,0.0,0.0,0.0,0.0,0.0,0.0,0.0,0.8498154638620667,0.7423342475900845,0.0,0.702149659580375,0.0,0.0,0.0,0.0,0.6045372860790845,0.7539585622159267,0.0,0.0,0.6420289795655172,0.0,0.0,0.0,0.0,0.7978702100144344,0.0,0.0,0.0,0.6760763245258581,0.0,0.0,0.0,0.9336016312648903,0.9603013052176497,0.0,0.6097362873031545,0.7637763966753941,0.0,0.0,0.6959102264210338,0.6889837315477417,0.0,0.9967509342492249,0.6124625020707917,0.0,0.0,0.0,0.0,0.0,0.0,0.0,0.0,0.5763528561926183,0.5545486168070536,0.0,0.0,0.0,0.9378973278888268
0.0,0.8756424543730879,0.0,0.9991867392819976,0.5753418849707242,0.0,0.0,0.0,0.9257818330935611,0.0,0.0,0.0,0.0,0.0,0.8119804149060661,0.5537227311017413,0.9582273603154456,0.0,0.0,0.7763487962583719,0.0,0.8690964777923157,1.0,0.0,0.0,0.0,0.0,0.0,0.0,0.0,0.0,0.0,0.5630522038340318,0.8672811342305108,0.8907361542583367,0.754010923556518,0.8029227589984681,0.9078771646909194,0.6097470933800914,0.0,0.0,0.0,0.0,0.0,0.6040670191913662,0.0,0.0,0.0,0.0,0.0,0.0,0.0,0.0,0.0,0.7162702892232815,0.759640005354331,0.0,0.576711373547447,0.0,0.728200445301663,0.0,0.7656832710210125,0.0,0.9561259652677285,0.962843108084298,0.0,0.8430377230782523,0.8029241777107025,0.0,0.0,0.0,0.0,0.0,0.0,0.0,0.0,0.0,0.0,0.0,0.0,0.0,0.0,0.0,0.0,0.0,0.0,0.592100075161143,0.0,0.6669798194128381,0.7434079011380604,0.0,0.8160391182108352,0.9699191166831307,0.781653664451797,0.0,0.7942291644456753,0.8922917039559137,0.0,0.8303880192788357,0.5877781901934719,0.0,0.0,0.0,0.0,0.0,0.0,0.0,0.0,0.0,0.0,0.0,0.0,0.0,0.8907319060216399
0.9742754004652114,0.0,0.0,0.0,0.8922526943740395,0.0,0.0,0.0,0.0,0.0,0.0,0.0,0.6321134650022747,0.0,0.7431110980096005,0.0,0.5878034411125701,0.0,0.0,0.0,0.0,0.6605747330604109,0.0,1.0,0.7929603507946557,0.0,0.0,0.0,0.0,0.0,0.0,0.0,0.0,0.0,0.0,0.0,0.6793146859840261,0.0,0.0,0.901005133670628,0.0,0.6154796418974953,0.0,0.0,0.0,0.0,0.0,0.0,0.5883526355542119,0.0,0.0,0.0,0.0,0.0,0.0,0.0,0.0,0.0,0.0,0.0,0.0,0.0,0.5536546921875681,0.0,0.0,0.0,0.0,0.0,0.0,0.0,0.0,0.0,0.0,0.0,0.0,0.999186745358615,0.5896967060803153,0.7269082320411698,0.0,0.0,0.9178935668706778,0.0,0.0,0.0,0.912883757068101,0.0,0.0,0.0,0.7563227071784255,0.8191996887250483,0.0,0.0,0.0,0.0,0.0,0.0,0.0,0.0,0.6958800494269005,0.0,0.0,0.0,0.0,0.0,0.0,0.9325554266411463,0.0,0.0,0.8468655006125252,0.8333156280932121,0.0,0.0,0.0,0.6978192035063627
0.8827355627149305,0.5946917657728269,0.0,0.0,0.9058405058069581,0.0,0.0,0.0,0.0,0.0,0.0,0.0,0.9553263808827003,0.6905021057852688,0.7176694660072762,0.0,0.0,0.0,0.0,0.0,0.0,0.6498013014221117,0.0,0.7929603507946557,1.0,0.0,0.0,0.0,0.0,0.0,0.8029904202532681,0.0,0.0,0.0,0.0,0.0,0.7217071306504543,0.0,0.0,0.9327638706783126,0.903932854491379,0.9537187524521636,0.0,0.8951247746238162,0.0,0.0,0.0,0.0,0.0,0.0,0.0,0.0,0.0,0.0,0.0,0.597356319372348,0.0,0.0,0.0,0.0,0.0,0.0,0.0,0.0,0.0,0.0,0.0,0.0,0.0,0.0,0.0,0.0,0.6298025539143307,0.0,0.0,0.8000875781007851,0.8526021404649745,0.800617694101557,0.0,0.0,0.9369602291620215,0.0,0.0,0.0,0.5746167049700032,0.0,0.0,0.0,0.8520039301566918,0.7767327094071437,0.0,0.0,0.0,0.0,0.0,0.0,0.0,0.0,0.6980301784068875,0.0,0.0,0.8431493652506183,0.0,0.0,0.0,0.6204021999896583,0.0,0.0,0.0,0.0,0.0,0.0,0.0,0.0
0.0,0.6051184189609342,0.0,0.0,0.0,0.0,0.0,0.0,0.0,0.0,0.0,0.0,0.658347932995417,0.9417115279013417,0.0,0.9058434632756626,0.0,0.0,0.0,0.0,0.0,0.0,0.0,0.0,0.0,1.0,0.0,0.0,0.0,0.0,0.868619064539859,0.0,0.0,0.0,0.0,0.0,0.5824703338388454,0.0,0.0,0.0,0.7124820490374834,0.5638920623702197,0.0,0.0,0.8498129330329021,0.0,0.0,0.0,0.0,0.0,0.0,0.5625738447193277,0.0,0.0,0.0,0.7644885568829491,0.8040227326050321,0.6461658555743552,0.0,0.0,0.0,0.0,0.0,0.0,0.0,0.0,0.0,0.0,0.0,0.0,0.0,0.9864591276834139,0.9254773682108707,0.0,0.0,0.0,0.0,0.0,0.0,0.0,0.0,0.0,0.0,0.0,0.0,0.0,0.0,0.0,0.5997693953952683,0.0,0.0,0.0,0.0,0.0,0.0,0.5559271336240492,0.0,0.0,0.0,0.7816518806559718,0.0,0.5760383117575378,0.0,0.0,0.0,0.0,0.0,0.0,0.0,0.0,0.0,0.0,0.0,0.0
0.0,0.0,0.9175517860006682,0.0,0.0,0.0,0.9172226047017148,0.0,0.0,0.0,0.0,0.0,0.0,0.0,0.0,0.0,0.0,0.8274475822914256,0.0,0.0,0.8140358226378743,0.0,0.0,0.0,0.0,0.0,1.0,0.9032920822557753,0.0,0.9537521991087631,0.0,0.8432627336280087,0.7549343785402437,0.0,0.560695478811518,0.0,0.0,0.0,0.8564011582023004,0.0,0.0,0.0,0.7996813075435755,0.0,0.0,0.0,0.0,0.0,0.0,0.0,0.0,0.0,0.0,0.0,0.7637867855214614,0.0,0.0,0.0,0.0,0.0,0.0,0.0,0.0,0.0,0.0,0.0,0.0,0.6622328980887114,0.0,0.0,0.6304937648511176,0.0,0.0,0.0,0.0,0.0,0.0,0.0,0.0,0.0,0.0,0.0,0.0,0.0,0.0,0.6950405427210241,0.0,0.5804742085550748,0.0,0.0,0.8845713268336237,0.0,0.0,0.6824718038841476,0.0,0.0,0.0,0.7491414783067011,0.0,0.0,0.0,0.0,0.9794433417751103,0.754968319771297,0.0,0.0,0.0,0.6800889897467298,0.0,0.0,0.9984868822867502,0.0,0.0,0.0
0.0,0.0,0.9548771618272089,0.0,0.0,0.0,0.7269801673420283,0.6417291545526962,0.0,0.0,0.0,0.0,0.0,0.0,0.0,0.0,0.0,0.5829940657926371,0.0,0.0,0.9754666954049521,0.0,0.0,0.0,0.0,0.0,0.9032920822557753,1.0,0.0,0.7608741836427433,0.0,0.62017322794342,0.7203301758887121,0.0,0.0,0.0,0.0,0.0,0.6962988597662483,0.0,0.0,0.0,0.9432952402691067,0.0,0.0,0.0,0.0,0.0,0.0,0.0,0.0,0.0,0.0,0.0,0.5965593054319519,0.0,0.0,0.0,0.0,0.0,0.0,0.0,0.0,0.0,0.0,0.0,0.0,0.0,0.0,0.0,0.763787120833602,0.0,0.0,0.0,0.0,0.0,0.0,0.0,0.0,0.0,0.0,0.0,0.0,0.0,0.0,0.7201888329032756,0.0,0.7127981938892667,0.0,0.0,0.6969487713048664,0.0,0.0,0.0,0.0,0.0,0.0,0.6299490410813783,0.0,0.0,0.0,0.0,0.8160311341779604,0.9561483332093423,0.0,0.0,0.0,0.8377962085573456,0.0,0.0,0.9187145466942906,0.0,0.0,0.0
0.0,0.0,0.0,0.0,0.0,0.0,0.0,0.0,0.0,0.9711351681847736,0.0,0.0,0.0,0.0,0.0,0.0,0.0,0.6367637619023782,0.0,0.0,0.0,0.0,0.0,0.0,0.0,0.0,0.0,0.0,1.0,0.5932336978692474,0.0,0.8297181901927604,0.0,0.0,0.0,0.0,0.0,0.0,0.0,0.0,0.0,0.0,0.0,0.0,0.0,0.0,0.0,0.0,0.0,0.0,0.0,0.0,0.0,0.6299694181597923,0.0,0.0,0.0,0.0,0.0,0.0,0.0,0.0,0.0,0.0,0.0,0.0,0.0,0.0,0.9199677133619043,0.0,0.0,0.0,0.0,0.0,0.0,0.0,0.0,0.0,0.753156918478169,0.0,0.0,0.0,0.0,0.0,0.0,0.0,0.0,0.0,0.0,0.0,0.7531569184779867,0.0,0.0,0.0,0.0,0.0,0.0,0.6633564076711556,0.0,0.0,0.0,0.0,0.6253465037115116,0.0,0.0,0.0,0.9417641311835443,0.0,0.0,0.0,0.0,0.0,0.0,0.0
0.0,0.0,0.8330689509744181,0.0,0.0,0.0,0.9870668007066408,0.0,0.6576976562731395,0.6669613108835848,0.0,0.0,0.0,0.0,0.0,0.0,0.0,0.953750312566494,0.0,0.6134862996903091,0.6657388793808151,0.0,0.0,0.0,0.0,0.0,0.9537521991087631,0.7608741836427433,0.5932336978692474,1.0,0.0,0.8672901772232376,0.7707605928885534,0.6230585713606043,0.6941250650431207,0.0,0.0,0.6254199909595767,0.9336026238863747,0.0,0.0,0.0,0.6208845183895482,0.0,0.0,0.0,0.0,0.0,0.0,0.0,0.0,0.0,0.0,0.0,0.8715362354020062,0.0,0.0,0.0,0.0,0.0,0.0,0.5984069101748193,0.0,0.0,0.5669344919700193,0.0,0.0,0.8119735423901557,0.5826985773617012,0.0,0.5538400286364297,0.0,0.0,0.0,0.0,0.0,0.0,0.0,0.0,0.0,0.0,0.0,0.0,0.0,0.0,0.6800516438469193,0.0,0.0,0.0,0.0,0.8690967192669209,0.0,0.0,0.8313594202577991,0.0,0.0,0.551058489158943,0.6740283508452621,0.0,0.0,0.0,0.0,0.9684172227568216,0.5879347171749462,0.0,0.0,0.0,0.0,0.0,0.0,0.9368952410092258,0.0,0.0,0.0
0.5997383665486203,0.6944888061124549,0.0,0.0,0.7286240519900357,0.0,0.0,0.0,0.0,0.0,0.0,0.0,0.9285087732343048,0.9737007081227369,0.6766178070273706,0.7637710391178492,0.0,0.0,0.0,0.0,0.0,0.6630292171008435,0.0,0.0,0.8029904202532681,0.868619064539859,0.0,0.0,0.0,0.0,1.0,0.0,0.0,0.0,0.0,0.0,0.7443244565818437,0.0,0.0,0.7333786276285217,0.9501956703465133,0.8561967095968129,0.0,0.7763380836670859,0.7042097816507232,0.0,0.0,0.0,0.0,0.0,0.0,0.5939486362220457,0.0,0.0,0.0,0.7978702100144344,0.0,0.0,0.0,0.0,0.0,0.0,0.0,0.0,0.0,0.0,0.0,0.0,0.0,0.0,0.0,0.8709580722012827,0.9192807047372341,0.0,0.0,0.0,0.5837074343125312,0.0,0.0,0.0,0.7121700621352265,0.0,0.0,0.0,0.0,0.0,0.0,0.0,0.8206532575724892,0.6766384864655598,0.0,0.0,0.0,0.0,0.0,0.0,0.0,0.0,0.6961961270409441,0.598395436263915,0.0,0.8274810893981572,0.0,0.0,0.0,0.0,0.0,0.0,0.0,0.0,0.0,0.0,0.0,0.0
0.0,0.0,0.607389706920991,0.0,0.0,0.0,0.7917533159557923,0.0,0.0,0.8297117189964016,0.0,0.0,0.0,0.0,0.0,0.0,0.0,0.8114098714997401,0.0,0.0,0.0,0.0,0.0,0.0,0.0,0.0,0.8432627336280087,0.62017322794342,0.8297181901927604,0.8672901772232376,0.0,1.0,0.0,0.0,0.0,0.0,0.0,0.0,0.6678836221096902,0.0,0.0,0.0,0.5769088384478979,0.0,0.0,0.0,0.0,0.0,0.0,0.0,0.0,0.0,0.0,0.0,0.5864168251765662,0.0,0.0,0.0,0.0,0.0,0.0,0.0,0.0,0.0,0.0,0.0,0.0,0.5526045071821608,0.7130080450105152,0.0,0.0,0.0,0.0,0.0,0.0,0.0,0.0,0.0,0.0,0.0,0.0,0.0,0.0,0.0,0.0,0.0,0.0,0.0,0.0,0.0,0.9880490511114113,0.0,0.0,0.5769543673354385,0.0,0.0,0.0,0.8907544387094768,0.0,0.0,0.0,0.0,0.9285517081028251,0.0,0.0,0.0,0.6448882386575912,0.0,0.0,0.0,0.8376217044308122,0.0,0.0,0.0
0.0,0.0,0.8795274157288815,0.0,0.0,0.0,0.8333720624195017,0.7942683355509883,0.7564192856367434,0.0,0.0,0.0,0.0,0.0,0.0,0.0,0.0,0.7158038620863101,0.0,0.0,0.7340399295643835,0.0,0.5630522038340318,0.0,0.0,0.0,0.7549343785402437,0.7203301758887121,0.0,0.7707605928885534,0.0,0.0,1.0,0.5656225906071749,0.8207260008572597,0.0,0.0,0.8188846189202735,0.9135450252829617,0.0,0.0,0.0,0.0,0.0,0.0,0.0,0.0,0.0,0.0,0.0,0.0,0.0,0.0,0.0,0.9032683057185747,0.0,0.0,0.0,0.0,0.0,0.0,0.9115818724877364,0.0,0.0,0.726351270272879,0.0,0.0,0.796210650977462,0.0,0.0,0.868819829213862,0.0,0.0,0.0,0.0,0.0,0.0,0.0,0.0,0.0,0.0,0.0,0.0,0.0,0.0,0.9818320265316429,0.6863836854735401,0.854112943755611,0.0,0.0,0.0,0.0,0.7117255997300113,0.7968600182951039,0.6528717035831142,0.0,0.8125407454468732,0.0,0.0,0.0,0.0,0.0,0.6733338725678474,0.6367496746415403,0.0,0.0,0.0,0.0,0.0,0.0,0.7371818736145541,0.0,0.0,0.0
0.0,0.6497997239001456,0.0,0.8498188395432803,0.0,0.0,0.695954639121392,0.0,0.925506423746784,0.0,0.0,0.0,0.0,0.0,0.0,0.0,0.712788331708789,0.7867647242414417,0.0,0.9816341848876183,0.0,0.5946922523665339,0.8672811342305108,0.0,0.0,0.0,0.0,0.0,0.0,0.6230585713606043,0.0,0.0,0.5656225906071749,1.0,0.8854061928985999,0.862649177045098,0.0,0.8369015706351176,0.734595137437843,0.0,0.0,0.0,0.0,0.0,0.0,0.0,0.0,0.0,0.0,0.0,0.0,0.0,0.0,0.0,0.8116282357517146,0.5750141201461582,0.0,0.6455135906185031,0.0,0.9417393608665616,0.0,0.6543749262763016,0.0,0.8869548174771058,0.8827796234661525,0.0,0.8968681338152581,0.9202537597126146,0.5525055129483812,0.0,0.0,0.0,0.0,0.0,0.0,0.0,0.0,0.0,0.0,0.0,0.0,0.0,0.0,0.0,0.0,0.0,0.0,0.0,0.0,0.0,0.0,0.9491569248406536,0.872071210125585,0.9135404107097551,0.0,0.8333540410395676,0.7564068957800245,0.0,0.0,0.5802683302553582,0.0,0.0,0.0,0.0,0.0,0.0,0.0,0.0,0.0,0.0,0.0,0.0,0.0,0.5991459720290018
0.0,0.6088424052317883,0.5788530335948956,0.8756465932731825,0.0,0.0,0.7854985861265544,0.0,0.9929033484646245,0.0,0.0,0.0,0.0,0.0,0.557474063524196,0.0,0.7767371013482653,0.7816544757191206,0.0,0.8001952901690121,0.0,0.6143600527478279,0.8907361542583367,0.0,0.0,0.0,0.560695478811518,0.0,0.0,0.6941250650431207,0.0,0.0,0.8207260008572597,0.8854061928985999,1.0,0.6145557489087706,0.0,0.9899249998485643,0.8739962088624262,0.0,0.0,0.0,0.0,0.0,0.0,0.0,0.0,0.0,0.0,0.0,0.0,0.0,0.0,0.0,0.9432933170069808,0.0,0.0,0.0,0.0,0.7031009867161819,0.0,0.9119811573495711,0.0,0.7873530570480084,0.9771221328741402,0.0,0.691735821656972,0.9650287019622174,0.0,0.0,0.0,0.0,0.0,0.0,0.0,0.0,0.0,0.0,0.0,0.0,0.0,0.0,0.0,0.0,0.0,0.7337061355707565,0.6441253137332607,0.0,0.0,0.0,0.0,0.7335033017422553,0.9684163517605081,0.9548756840647857,0.0,0.6125206468805305,0.9542656322952802,0.0,0.5682012633946472,0.0,0.0,0.0,0.0,0.0,0.0,0.0,0.0,0.0,0.0,0.0,0.0,0.0,0.0,0.722211910596636
0.0,0.7145665587403371,0.0,0.7460766394361403,0.0,0.0,0.0,0.0,0.6851452662185737,0.0,0.0,0.0,0.0,0.0,0.0,0.7423345678705997,0.6397669429734082,0.0,0.0,0.8845506458674651,0.0,0.6087711362867768,0.754010923556518,0.0,0.0,0.0,0.0,0.0,0.0,0.0,0.0,0.0,0.0,0.862649177045098,0.6145557489087706,1.0,0.5760735312991667,0.5767389050513487,0.0,0.0,0.0,0.0,0.0,0.0,0.8119670508957529,0.0,0.0,0.0,0.0,0.6629295627669636,0.0,0.0,0.0,0.0,0.0,0.7325432737929602,0.0,0.9257787784532079,0.0,0.9386761218802915,0.0,0.0,0.0,0.8921600926902387,0.6672623726008892,0.0,0.9856342248417946,0.6362633975158744,0.0,0.6274087915565296,0.0,0.5681996836658927,0.5997164311347434,0.0,0.0,0.0,0.0,0.0,0.0,0.0,0.0,0.0,0.0,0.0,0.0,0.0,0.0,0.0,0.0,0.0,0.0,0.9754600572575455,0.6656337736245289,0.6254865489633978,0.0,0.9863752046159588,0.0,0.0,0.5704082164001238,0.8664855083997255,0.0,0.0,0.0,0.0,0.0,0.0,0.0,0.0,0.0,0.0,0.0,0.0,0.0,0.0
0.7878270318921733,0.9737017991939141,0.0,0.8234309961214655,0.8988821718745663,0.0,0.0,0.0,0.5750132185954393,0.0,0.0,0.0,0.7203142940090801,0.7563375560794451,0.9888436983477012,0.7030112730588051,0.9128882129655862,0.0,0.0,0.0,0.0,0.9899241173540809,0.8029227589984681,0.6793146859840261,0.7217071306504543,0.5824703338388454,0.0,0.0,0.0,0.0,0.7443244565818437,0.0,0.0,0.0,0.0,0.5760735312991667,1.0,0.5776018467124591,0.0,0.867272974804932,0.663457471314848,0.6102584783358448,0.0,0.0,0.705341004317782,0.0,0.0,0.0,0.0,0.0,0.0,0.0,0.0,0.0,0.0,0.9254829893488621,0.0,0.0,0.0,0.0,0.0,0.0,0.0,0.8029227589983315,0.6599567311852041,0.0,0.6634726787172205,0.0,0.0,0.0,0.0,0.6628443699625403,0.8106086645282395,0.0,0.0,0.6634734459737902,0.0,0.0,0.0,0.0,0.8420990438140119,0.0,0.0,0.0,0.6542679521288144,0.0,0.0,0.0,0.9711356080140978,0.9679589585281257,0.0,0.5606825298529935,0.6823420811996267,0.0,0.0,0.6696379377414964,0.6035573461544461,0.0,0.996388219970954,0.6254130230873783,0.0,0.0,0.0,0.0,0.0,0.0,0.0,0.0,0.0,0.0,0.0,0.0,0.0,0.8921426734166003
0.0,0.6420614792019873,0.5508329898528488,0.896864505508031,0.0,0.0,0.7217049281256249,0.0,0.9794364016342297,0.0,0.0,0.0,0.0,0.0,0.6143587357510545,0.0,0.8238109491389987,0.7042169856580374,0.0,0.7370498138256506,0.0,0.6634749607698629,0.9078771646909194,0.0,0.0,0.0,0.0,0.0,0.0,0.6254199909595767,0.0,0.0,0.8188846189202735,0.8369015706351176,0.9899249998485643,0.5767389050513487,0.5776018467124591,1.0,0.8274830168403798,0.0,0.0,0.0,0.0,0.0,0.0,0.0,0.0,0.0,0.0,0.0,0.0,0.0,0.0,0.0,0.9056106600973772,0.0,0.0,0.0,0.0,0.641725125993537,0.0,0.9448044674353182,0.0,0.7847013802980934,0.9856343840976366,0.0,0.6629334369747082,0.9199611593740592,0.0,0.0,0.0,0.0,0.0,0.0,0.0,0.0,0.0,0.0,0.0,0.0,0.0,0.0,0.0,0.0,0.0,0.7460255287883912,0.7221142883063544,0.0,0.0,0.5574734613669352,0.0,0.6879399372064406,0.9816329238036601,0.905849594070687,0.5948254588750514,0.5878086074176383,0.9864614225928762,0.0,0.6196459920441986,0.0,0.0,0.0,0.0,0.0,0.0,0.0,0.0,0.0,0.0,0.0,0.0,0.0,0.0,0.7882562326567559
0.0,0.0,0.8375984721370558,0.5878265176882416,0.0,0.0,0.9771227232047633,0.5547028608187299,0.8333070722518746,0.0,0.0,0.0,0.0,0.0,0.0,0.0,0.0,0.9257946672420578,0.0,0.6844966855171845,0.6455798771054493,0.0,0.6097470933800914,0.0,0.0,0.0,0.8564011582023004,0.6962988597662483,0.0,0.9336026238863747,0.0,0.6678836221096902,0.9135450252829617,0.734595137437843,0.8739962088624262,0.0,0.0,0.8274830168403798,1.0,0.0,0.0,0.0,0.0,0.0,0.0,0.0,0.0,0.0,0.0,0.0,0.0,0.0,0.0,0.0,0.9843036710795706,0.0,0.0,0.0,0.0,0.5695069662773633,0.0,0.8119712047977568,0.0,0.0,0.7637824275311987,0.0,0.0,0.9285391741411666,0.0,0.0,0.6629915689507773,0.0,0.0,0.0,0.0,0.0,0.0,0.0,0.0,0.0,0.0,0.0,0.0,0.0,0.0,0.8294630529159068,0.0,0.6323217492634164,0.0,0.0,0.6669817038767888,0.0,0.7423396938921559,0.9368867815183827,0.0,0.0,0.7682772842324666,0.0,0.0,0.0,0.0,0.0,0.8327186254713345,0.0,0.0,0.0,0.0,0.0,0.0,0.0,0.8313607747475262,0.0,0.0,0.0
0.9742757558158389,0.7468238594736369,0.0,0.5510603808901354,0.9967509447545144,0.0,0.0,0.0,0.0,0.0,0.0,0.0,0.8535143482769274,0.6590474225962867,0.8869545348839603,0.0,0.6985193678881563,0.0,0.0,0.0,0.0,0.8234298433616937,0.0,0.901005133670628,0.9327638706783126,0.0,0.0,0.0,0.0,0.0,0.7333786276285217,0.0,0.0,0.0,0.0,0.0,0.867272974804932,0.0,0.0,1.0,0.7751028713279551,0.8040020262544241,0.0,0.7021124724132055,0.0,0.0,0.0,0.0,0.0,0.0,0.0,0.0,0.0,0.0,0.0,0.6958835986673725,0.0,0.0,0.0,0.0,0.0,0.0,0.0,0.0,0.0,0.0,0.0,0.0,0.0,0.0,0.0,0.0,0.6460560869612926,0.0,0.0,0.8973466994172166,0.6627813905504971,0.6811031899068593,0.0,0.0,0.9984862467244248,0.0,0.0,0.0,0.7656130267361969,0.0,0.0,0.0,0.9469252202584622,0.9362239751897589,0.0,0.0,0.0,0.0,0.0,0.0,0.0,0.0,0.8618137042207714,0.0,0.0,0.6469229707605169,0.0,0.0,0.0,0.7127818760281023,0.0,0.0,0.6550520016052209,0.633813659886902,0.0,0.0,0.0,0.7549279921680474
0.6630649360643139,0.5750072106938179,0.0,0.0,0.7527322595963692,0.0,0.0,0.0,0.0,0.0,0.0,0.0,0.9880363923236674,0.8593994299020036,0.6167912958036826,0.5749457934920027,0.0,0.0,0.0,0.0,0.0,0.5775832852680733,0.0,0.0,0.903932854491379,0.7124820490374834,0.0,0.0,0.0,0.0,0.9501956703465133,0.0,0.0,0.0,0.0,0.0,0.663457471314848,0.0,0.0,0.7751028713279551,1.0,0.9699094066197216,0.0,0.9257757575155516,0.0,0.0,0.0,0.0,0.0,0.0,0.0,0.6333967414204046,0.0,0.0,0.0,0.6498013014221117,0.0,0.0,0.0,0.0,0.0,0.0,0.0,0.0,0.0,0.0,0.0,0.0,0.0,0.0,0.0,0.7021229269215801,0.7707637780814289,0.0,0.0,0.0,0.7706872149614771,0.6013574099762471,0.0,0.0,0.7655929706835506,0.0,0.0,0.0,0.0,0.0,0.0,0.0,0.7832350349615835,0.6454527490332079,0.0,0.0,0.0,0.0,0.0,0.0,0.0,0.0,0.6204510146543966,0.0,0.0,0.9485974246696103,0.0,0.0,0.0,0.0,0.0,0.0,0.0,0.0,0.0,0.0,0.0,0.0
0.7220295115434605,0.0,0.0,0.0,0.7706981555970536,0.0,0.0,0.0,0.0,0.0,0.0,0.0,0.9791788097610644,0.7339809739315234,0.5834733724205873,0.0,0.0,0.0,0.0,0.0,0.0,0.0,0.0,0.6154796418974953,0.9537187524521636,0.5638920623702197,0.0,0.0,0.0,0.0,0.8561967095968129,0.0,0.0,0.0,0.0,0.0,0.6102584783358448,0.0,0.0,0.8040020262544241,0.9699094066197216,1.0,0.0,0.9791787849407989,0.0,0.0,0.0,0.0,0.0,0.0,0.0,0.5692464038104171,0.0,0.0,0.0,0.0,0.0,0.0,0.0,0.0,0.0,0.0,0.0,0.0,0.0,0.0,0.0,0.0,0.0,0.0,0.0,0.556537684029908,0.6416889793545622,0.0,0.0,0.6250658885331049,0.8907149280386523,0.7458889528391558,0.0,0.0,0.8049491807838707,0.0,0.0,0.0,0.0,0.0,0.0,0.0,0.7491246421854927,0.6314212747251935,0.0,0.0,0.0,0.0,0.0,0.0,0.0,0.0,0.5750060096218832,0.0,0.0,0.9624534581955623,0.0,0.0,0.0,0.0,0.0,0.0,0.0,0.0,0.0,0.0,0.0,0.0
0.0,0.0,0.8119769202119292,0.0,0.0,0.0,0.5631260376505764,0.0,0.0,0.0,0.0,0.0,0.0,0.0,0.0,0.0,0.0,0.0,0.0,0.0,0.9037088151281257,0.0,0.0,0.0,0.0,0.0,0.7996813075435755,0.9432952402691067,0.0,0.6208845183895482,0.0,0.5769088384478979,0.0,0.0,0.0,0.0,0.0,0.0,0.0,0.0,0.0,0.0,1.0,0.0,0.0,0.0,0.0,0.0,0.0,0.0,0.0,0.0,0.0,0.0,0.0,0.0,0.0,0.0,0.0,0.0,0.0,0.0,0.0,0.0,0.0,0.0,0.0,0.0,0.0,0.0,0.5946929300025933,0.0,0.0,0.0,0.0,0.0,0.0,0.0,0.0,0.0,0.0,0.0,0.0,0.0,0.0,0.0,0.0,0.0,0.0,0.0,0.6679558938959347,0.0,0.0,0.0,0.0,0.0,0.0,0.6874015837752123,0.0,0.0,0.0,0.0,0.7260677374855222,0.932780038390113,0.0,0.0,0.0,0.9684176424161259,0.0,0.0,0.8274623151146635,0.0,0.0,0.0
0.6303480867341841,0.0,0.0,0.0,0.662166595344003,0.0,0.0,0.0,0.0,0.0,0.0,0.0,0.9218632744388565,0.641685330995192,0.0,0.0,0.0,0.0,0.0,0.0,0.0,0.0,0.0,0.0,0.8951247746238162,0.0,0.0,0.0,0.0,0.0,0.7763380836670859,0.0,0.0,0.0,0.0,0.0,0.0,0.0,0.0,0.7021124724132055,0.9257757575155516,0.9791787849407989,0.0,1.0,0.0,0.0,0.0,0.0,0.0,0.0,0.0,0.6178349198451303,0.0,0.0,0.0,0.0,0.0,0.0,0.0,0.0,0.0,0.0,0.0,0.0,0.0,0.0,0.0,0.0,0.0,0.0,0.0,0.0,0.0,0.0,0.0,0.0,0.9368463547625796,0.7662403121985253,0.0,0.0,0.7076879508126857,0.0,0.0,0.0,0.0,0.0,0.0,0.0,0.6282900883405725,0.0,0.0,0.0,0.0,0.0,0.0,0.0,0.0,0.0,0.0,0.0,0.0,0.9818168526411987,0.0,0.0,0.0,0.0,0.0,0.0,0.0,0.0,0.0,0.0,0.0,0.0
0.0,0.7942004531619637,0.0,0.6124780038513509,0.0,0.0,0.0,0.0,0.0,0.0,0.0,0.0,0.0,0.8274818448521193,0.6199689604535216,0.992008664058362,0.5978825857950528,0.0,0.0,0.0,0.0,0.6811867448076664,0.6040670191913662,0.0,0.0,0.8498129330329021,0.0,0.0,0.0,0.0,0.7042097816507232,0.0,0.0,0.0,0.0,0.8119670508957529,0.705341004317782,0.0,0.0,0.0,0.0,0.0,0.0,0.0,1.0,0.0,0.0,0.0,0.0,0.7087168926411618,0.0,0.0,0.0,0.0,0.0,0.9067803935584248,0.7961425888092931,0.9160643365917374,0.0,0.6062333777961196,0.0,0.0,0.0,0.7645175280878876,0.0,0.0,0.8125303874933321,0.0,0.0,0.0,0.0,0.9160636859939627,0.9115785052842864,0.0,0.0,0.0,0.0,0.0,0.0,0.0,0.0,0.0,0.0,0.0,0.0,0.0,0.0,0.0,0.6397243410685285,0.5529377895516736,0.0,0.7057969031247672,0.0,0.0,0.0,0.8756432820365705,0.0,0.0,0.6701887187529766,0.9843026783921662,0.0,0.0,0.0,0.0,0.0,0.0,0.0,0.0,0.0,0.0,0.0,0.0,0.0,0.0
0.0,0.0,0.0,0.0,0.0,0.0,0.0,0.0,0.0,0.0,0.0,0.552598774714327,0.0,0.0,0.0,0.0,0.0,0.0,0.0,0.0,0.0,0.0,0.0,0.0,0.0,0.0,0.0,0.0,0.0,0.0,0.0,0.0,0.0,0.0,0.0,0.0,0.0,0.0,0.0,0.0,0.0,0.0,0.0,0.0,0.0,1.0,0.0,0.0,0.0,0.0,0.0,0.0,0.0,0.0,0.0,0.0,0.0,0.0,0.0,0.0,0.8190808864046026,0.0,0.0,0.0,0.0,0.0,0.0,0.0,0.0,0.0,0.0,0.0,0.0,0.0,0.0,0.0,0.0,0.0,0.0,0.9432989437265205,0.0,0.0,0.0,0.0,0.0,0.0,0.0,0.0,0.0,0.0,0.0,0.0,0.0,0.0,0.0,0.0,0.0,0.0,0.0,0.0,0.0,0.0,0.0,0.0,0.6434858105371163,0.0,0.0,0.0,0.0,0.0,0.0,0.0,0.8161632514239493,0.0
0.0,0.0,0.0,0.0,0.0,0.0,0.0,0.0,0.0,0.0,0.0,0.0,0.0,0.0,0.0,0.0,0.0,0.0,0.8709245182172345,0.0,0.0,0.0,0.0,0.0,0.0,0.0,0.0,0.0,0.0,0.0,0.0,0.0,0.0,0.0,0.0,0.0,0.0,0.0,0.0,0.0,0.0,0.0,0.0,0.0,0.0,0.0,1.0,0.9203078297709972,0.0,0.0,0.0,0.0,0.0,0.0,0.0,0.0,0.0,0.0,0.0,0.0,0.0,0.0,0.0,0.0,0.0,0.0,0.0,0.0,0.0,0.0,0.0,0.0,0.0,0.8046309860053699,0.9904885452795175,0.0,0.0,0.0,0.0,0.0,0.0,0.0,0.9751052750396447,0.9383786241445718,0.0,0.0,0.0,0.0,0.0,0.0,0.0,0.0,0.0,0.0,0.0,0.0,0.0,0.0,0.0,0.0,0.0,0.0,0.0,0.0,0.0,0.0,0.0,0.6254171179134994,0.0,0.0,0.0,0.9679906541810508,0.6632050219565484,0.0
0.0,0.0,0.0,0.0,0.0,0.0,0.0,0.0,0.0,0.0,0.0,0.0,0.0,0.0,0.0,0.0,0.0,0.0,0.746879784930677,0.0,0.0,0.0,0.0,0.0,0.0,0.0,0.0,0.0,0.0,0.0,0.0,0.0,0.0,0.0,0.0,0.0,0.0,0.0,0.0,0.0,0.0,0.0,0.0,0.0,0.0,0.0,0.9203078297709972,1.0,0.0,0.0,0.0,0.0,0.0,0.0,0.0,0.0,0.0,0.0,0.0,0.0,0.0,0.0,0.0,0.0,0.0,0.0,0.0,0.0,0.0,0.0,0.0,0.0,0.0,0.7408075623693788,0.9631276587235493,0.0,0.0,0.0,0.0,0.0,0.0,0.0,0.8250651891876765,0.7529648439714896,0.0,0.0,0.0,0.0,0.0,0.0,0.0,0.0,0.0,0.0,0.0,0.0,0.0,0.7146307713136557,0.0,0.0,0.0,0.0,0.0,0.0,0.0,0.0,0.0,0.6635229405750256,0.0,0.0,0.0,0.9880533855263973,0.8376781753087705,0.0
0.0,0.0,0.0,0.0,0.0,0.935567595113317,0.0,0.0,0.0,0.0,0.0,0.0,0.0,0.0,0.0,0.0,0.0,0.0,0.0,0.0,0.0,0.0,0.0,0.5883526355542119,0.0,0.0,0.0,0.0,0.0,0.0,0.0,0.0,0.0,0.0,0.0,0.0,0.0,0.0,0.0,0.0,0.0,0.0,0.0,0.0,0.0,0.0,0.0,0.0,1.0,0.0,0.0,0.0,0.0,0.0,0.0,0.0,0.0,0.0,0.0,0.0,0.0,0.0,0.9904804686320389,0.0,0.0,0.9971991796507746,0.0,0.0,0.0,0.0,0.0,0.0,0.0,0.0,0.0,0.5746319827813252,0.0,0.0,0.0,0.0,0.0,0.0,0.0,0.0,0.8001226810822274,0.0,0.8292201686558087,0.0,0.0,0.0,0.0,0.0,0.0,0.0,0.866055084045334,0.0,0.0,0.0,0.0,0.0,0.0,0.0,0.0,0.0,0.0,0.6696147702342669,0.0,0.0,0.8922656928574593,0.9067726245166525,0.0,0.0,0.0,0.0
0.0,0.0,0.0,0.0,0.0,0.0,0.0,0.0,0.0,0.0,0.0,0.0,0.0,0.0,0.0,0.6799966563557256,0.0,0.0,0.0,0.0,0.0,0.0,0.0,0.0,0.0,0.0,0.0,0.0,0.0,0.0,0.0,0.0,0.0,0.0,0.0,0.6629295627669636,0.0,0.0,0.0,0.0,0.0,0.0,0.0,0.0,0.7087168926411618,0.0,0.0,0.0,0.0,1.0,0.0,0.0,0.0,0.0,0.0,0.0,0.8715370721949386,0.8513086985083537,0.0,0.0,0.0,0.0,0.0,0.0,0.0,0.0,0.5767251384180424,0.0,0.0,0.6749351512736135,0.0,0.5760697560338515,0.0,0.0,0.0,0.0,0.0,0.0,0.0,0.0,0.0,0.6219233497418677,0.0,0.0,0.0,0.0,0.0,0.0,0.0,0.0,0.0,0.0,0.0,0.0,0.0,0.6447204445881181,0.0,0.0,0.0,0.7933150085375328,0.0,0.0,0.0,0.0,0.0,0.0,0.0,0.0,0.0,0.0,0.0,0.0,0.0,0.0
0.0,0.0,0.0,0.0,0.0,0.0,0.0,0.0,0.0,0.0,0.0,0.6045342901053843,0.0,0.0,0.0,0.0,0.0,0.0,0.0,0.0,0.0,0.0,0.0,0.0,0.0,0.0,0.0,0.0,0.0,0.0,0.0,0.0,0.0,0.0,0.0,0.0,0.0,0.0,0.0,0.0,0.0,0.0,0.0,0.0,0.0,0.0,0.0,0.0,0.0,0.0,1.0,0.0,0.8326614216733604,0.0,0.0,0.0,0.0,0.0,0.7201857293743222,0.0,0.0,0.0,0.0,0.0,0.0,0.0,0.0,0.0,0.0,0.0,0.0,0.0,0.0,0.0,0.0,0.0,0.0,0.0,0.0,0.0,0.0,0.0,0.0,0.0,0.0,0.0,0.0,0.0,0.0,0.0,0.0,0.0,0.0,0.0,0.0,0.0,0.0,0.0,0.0,0.0,0.0,0.0,0.0,0.0,0.0,0.0,0.0,0.0,0.0,0.0,0.0,0.0,0.0,0.0
0.0,0.0,0.0,0.0,0.0,0.0,0.0,0.0,0.0,0.0,0.0,0.0,0.0,0.0,0.0,0.0,0.0,0.0,0.0,0.0,0.0,0.0,0.0,0.0,0.0,0.5625738447193277,0.0,0.0,0.0,0.0,0.5939486362220457,0.0,0.0,0.0,0.0,0.0,0.0,0.0,0.0,0.0,0.6333967414204046,0.5692464038104171,0.0,0.6178349198451303,0.0,0.0,0.0,0.0,0.0,0.0,0.0,1.0,0.0,0.0,0.0,0.0,0.0,0.0,0.0,0.0,0.0,0.0,0.0,0.0,0.0,0.0,0.0,0.0,0.0,0.0,0.0,0.0,0.0,0.0,0.0,0.0,0.0,0.0,0.0,0.0,0.0,0.0,0.0,0.0,0.0,0.0,0.0,0.0,0.0,0.0,0.0,0.0,0.0,0.0,0.0,0.0,0.0,0.0,0.0,0.0,0.0,0.7244264013665106,0.0,0.0,0.0,0.0,0.0,0.0,0.0,0.0,0.0,0.0,0.0,0.0
0.0,0.0,0.0,0.0,0.0,0.0,0.0,0.0,0.0,0.0,0.0,0.8689825740810128,0.0,0.0,0.0,0.0,0.0,0.0,0.0,0.0,0.0,0.0,0.0,0.0,0.0,0.0,0.0,0.0,0.0,0.0,0.0,0.0,0.0,0.0,0.0,0.0,0.0,0.0,0.0,0.0,0.0,0.0,0.0,0.0,0.0,0.0,0.0,0.0,0.0,0.0,0.8326614216733604,0.0,1.0,0.0,0.0,0.0,0.0,0.0,0.0,0.0,0.0,0.0,0.0,0.0,0.0,0.0,0.0,0.0,0.0,0.0,0.0,0.0,0.0,0.5509612923615997,0.0,0.0,0.0,0.0,0.0,0.7262710482162946,0.0,0.0,0.0,0.0,0.0,0.0,0.0,0.0,0.0,0.0,0.0,0.0,0.0,0.0,0.0,0.0,0.0,0.0,0.0,0.0,0.0,0.0,0.0,0.0,0.0,0.0,0.0,0.0,0.0,0.0,0.0,0.0,0.0,0.0
0.0,0.0,0.0,0.0,0.0,0.0,0.0,0.0,0.0,0.0,0.0,0.0,0.0,0.0,0.0,0.0,0.0,0.0,0.0,0.0,0.0,0.0,0.0,0.0,0.0,0.0,0.0,0.0,0.6299694181597923,0.0,0.0,0.0,0.0,0.0,0.0,0.0,0.0,0.0,0.0,0.0,0.0,0.0,0.0,0.0,0.0,0.0,0.0,0.0,0.0,0.0,0.0,0.0,0.0,1.0,0.0,0.0,0.0,0.0,0.0,0.0,0.0,0.0,0.0,0.0,0.0,0.0,0.0,0.0,0.0,0.0,0.0,0.0,0.0,0.0,0.0,0.0,0.0,0.0,0.7434063716661145,0.0,0.0,0.0,0.0,0.0,0.0,0.0,0.0,0.0,0.0,0.0,0.0,0.0,0.0,0.0,0.0,0.0,0.0,0.0,0.0,0.0,0.0,0.0,0.0,0.0,0.698513676620817,0.0,0.704371369916419,0.0,0.0,0.0,0.0,0.0,0.0,0.0
0.0,0.0,0.7574130399133837,0.69502941162571,0.0,0.0,0.9362232676624765,0.0,0.9128961753732964,0.0,0.0,0.0,0.0,0.0,0.0,0.0,0.57501592353289,0.904619976241892,0.0,0.7500124767326662,0.5561592041194553,0.0,0.7162702892232815,0.0,0.0,0.0,0.7637867855214614,0.5965593054319519,0.0,0.8715362354020062,0.0,0.5864168251765662,0.9032683057185747,0.8116282357517146,0.9432933170069808,0.0,0.0,0.9056106600973772,0.9843036710795706,0.0,0.0,0.0,0.0,0.0,0.0,0.0,0.0,0.0,0.0,0.0,0.0,0.0,0.0,0.0,1.0,0.0,0.0,0.0,0.0,0.636954689932907,0.0,0.8664920073596066,0.0,0.6121935041677877,0.8563979617078024,0.0,0.0,0.9719167997024787,0.0,0.0,0.622146504992808,0.0,0.0,0.0,0.0,0.0,0.0,0.0,0.0,0.0,0.0,0.0,0.0,0.0,0.0,0.8139952161310746,0.5508158085080139,0.599456744863168,0.0,0.0,0.5753394407342769,0.6252443604394554,0.8377904678795274,0.9742921154525569,0.0,0.0,0.8502132625736888,0.0,0.0,0.0,0.0,0.0,0.7434070032857455,0.0,0.0,0.0,0.0,0.0,0.0,0.0,0.7345820706199624,0.0,0.0,0.0
0.5782912357695903,0.9630879362500976,0.0,0.7752483453122507,0.7283238997618089,0.0,0.0,0.0,0.0,0.0,0.0,0.0,0.6702614338126565,0.866475224017822,0.865236787952112,0.9032287125352952,0.8115756715210181,0.0,0.0,0.0,0.0,0.9039632084883134,0.759640005354331,0.0,0.597356319372348,0.7644885568829491,0.0,0.0,0.0,0.0,0.7978702100144344,0.0,0.0,0.5750141201461582,0.0,0.7325432737929602,0.9254829893488621,0.0,0.0,0.6958835986673725,0.6498013014221117,0.0,0.0,0.0,0.9067803935584248,0.0,0.0,0.0,0.0,0.0,0.0,0.0,0.0,0.0,0.0,1.0,0.5504701198650689,0.7431357090721246,0.0,0.5522196252193294,0.0,0.0,0.0,0.8498154638620667,0.596492753315867,0.0,0.7899158903913819,0.0,0.0,0.0,0.0,0.8464349440334916,0.9383358251459242,0.0,0.0,0.0,0.0,0.0,0.0,0.0,0.6630292171008435,0.0,0.0,0.0,0.0,0.0,0.0,0.0,0.8728243810905645,0.8115630634042841,0.0,0.6745036551693862,0.6137213337995943,0.0,0.0,0.8234312843867116,0.0,0.0,0.9010248566260268,0.8431938126693126,0.0,0.0,0.0,0.0,0.0,0.0,0.0,0.0,0.0,0.0,0.0,0.0,0.0,0.7286761664278293
0.0,0.0,0.0,0.0,0.0,0.0,0.0,0.0,0.0,0.0,0.0,0.0,0.0,0.6258206489772798,0.0,0.8139283914363862,0.0,0.0,0.0,0.0,0.0,0.0,0.0,0.0,0.0,0.8040227326050321,0.0,0.0,0.0,0.0,0.0,0.0,0.0,0.0,0.0,0.0,0.0,0.0,0.0,0.0,0.0,0.0,0.0,0.0,0.7961425888092931,0.0,0.0,0.0,0.0,0.8715370721949386,0.0,0.0,0.0,0.0,0.0,0.5504701198650689,1.0,0.773998437865215,0.0,0.0,0.0,0.0,0.0,0.0,0.0,0.0,0.0,0.0,0.0,0.0,0.0,0.799583387708556,0.6667980365464334,0.0,0.0,0.0,0.0,0.0,0.0,0.0,0.0,0.0,0.0,0.0,0.0,0.0,0.0,0.0,0.0,0.0,0.0,0.0,0.0,0.0,0.0,0.5738867564443574,0.0,0.0,0.0,0.8188767609239584,0.0,0.0,0.0,0.0,0.0,0.0,0.0,0.0,0.0,0.0,0.0,0.0,0.0,0.0
0.0,0.6528998470555641,0.0,0.5753031788987896,0.0,0.0,0.0,0.0,0.0,0.0,0.0,0.0,0.0,0.5864109482385298,0.0,0.8690964832761794,0.0,0.0,0.0,0.6793830700677812,0.0,0.0,0.576711373547447,0.0,0.0,0.6461658555743552,0.0,0.0,0.0,0.0,0.0,0.0,0.0,0.6455135906185031,0.0,0.9257787784532079,0.0,0.0,0.0,0.0,0.0,0.0,0.0,0.0,0.9160643365917374,0.0,0.0,0.0,0.0,0.8513086985083537,0.0,0.0,0.0,0.0,0.0,0.7431357090721246,0.773998437865215,1.0,0.0,0.7741747578867947,0.0,0.0,0.0,0.7548610128945499,0.0,0.0,0.8817988604136373,0.0,0.0,0.62173032607033,0.0,0.7222124378599719,0.6978223958033474,0.0,0.0,0.0,0.0,0.0,0.0,0.0,0.0,0.0,0.0,0.0,0.0,0.0,0.0,0.0,0.0,0.0,0.0,0.827405048091686,0.0,0.0,0.0,0.9315414533147408,0.0,0.0,0.0,0.970454915952752,0.0,0.0,0.0,0.0,0.0,0.0,0.0,0.0,0.0,0.0,0.0,0.0,0.0,0.0
0.0,0.0,0.0,0.0,0.0,0.0,0.0,0.0,0.0,0.0,0.0,0.0,0.0,0.0,0.0,0.0,0.0,0.0,0.0,0.0,0.0,0.0,0.0,0.0,0.0,0.0,0.0,0.0,0.0,0.0,0.0,0.0,0.0,0.0,0.0,0.0,0.0,0.0,0.0,0.0,0.0,0.0,0.0,0.0,0.0,0.0,0.0,0.0,0.0,0.0,0.7201857293743222,0.0,0.0,0.0,0.0,0.0,0.0,0.0,1.0,0.0,0.0,0.0,0.0,0.0,0.0,0.0,0.0,0.0,0.0,0.0,0.0,0.0,0.0,0.0,0.0,0.0,0.0,0.0,0.0,0.0,0.0,0.0,0.0,0.0,0.0,0.0,0.0,0.0,0.0,0.0,0.0,0.0,0.0,0.0,0.0,0.0,0.0,0.0,0.0,0.0,0.0,0.0,0.0,0.0,0.0,0.0,0.0,0.0,0.0,0.0,0.0,0.0,0.0,0.0
0.0,0.5750147212326185,0.0,0.7112194472203809,0.0,0.0,0.5624188754692304,0.0,0.7608129041970588,0.5733273411011347,0.0,0.0,0.0,0.0,0.0,0.0,0.570421190292636,0.694500473642249,0.0,0.9818315285130912,0.0,0.0,0.728200445301663,0.0,0.0,0.0,0.0,0.0,0.0,0.0,0.0,0.0,0.0,0.9417393608665616,0.7031009867161819,0.9386761218802915,0.0,0.641725125993537,0.5695069662773633,0.0,0.0,0.0,0.0,0.0,0.6062333777961196,0.0,0.0,0.0,0.0,0.0,0.0,0.0,0.0,0.0,0.636954689932907,0.5522196252193294,0.0,0.7741747578867947,0.0,1.0,0.0,0.0,0.0,0.8238135875171032,0.7073196528635208,0.0,0.9218623587334822,0.773933359500573,0.6484335100196098,0.6767680989043694,0.0,0.0,0.0,0.0,0.0,0.0,0.0,0.0,0.0,0.0,0.0,0.0,0.0,0.0,0.0,0.0,0.0,0.0,0.0,0.0,0.0,0.9791790532269727,0.6964683779410233,0.7707928258227157,0.0,0.8838517502592851,0.5530316084547025,0.0,0.0,0.6739172294071447,0.0,0.0,0.0,0.0,0.0,0.0,0.0,0.0,0.0,0.0,0.0,0.0,0.0,0.0
0.0,0.0,0.0,0.0,0.0,0.0,0.0,0.0,0.0,0.0,0.5609383099989904,0.5638396258825638,0.0,0.0,0.0,0.0,0.0,0.0,0.0,0.0,0.0,0.0,0.0,0.0,0.0,0.0,0.0,0.0,0.0,0.0,0.0,0.0,0.0,0.0,0.0,0.0,0.0,0.0,0.0,0.0,0.0,0.0,0.0,0.0,0.0,0.8190808864046026,0.0,0.0,0.0,0.0,0.0,0.0,0.0,0.0,0.0,0.0,0.0,0.0,0.0,0.0,1.0,0.0,0.0,0.0,0.0,0.0,0.0,0.0,0.0,0.0,0.0,0.0,0.0,0.0,0.0,0.0,0.0,0.0,0.0,0.7710105694404424,0.0,0.0,0.0,0.0,0.0,0.0,0.0,0.0,0.0,0.0,0.0,0.0,0.0,0.0,0.0,0.0,0.0,0.0,0.0,0.0,0.5878998857966423,0.0,0.0,0.0,0.9079391887230575,0.0,0.0,0.0,0.0,0.0,0.0,0.0,0.0,0.0
0.0,0.0,0.6449167335752968,0.7563945082764806,0.0,0.644117546808948,0.6905322338401142,0.6761690472630857,0.8688025488724127,0.0,0.0,0.0,0.0,0.0,0.0,0.0,0.7125348769590804,0.6168496914443874,0.0,0.0,0.0,0.0,0.7656832710210125,0.0,0.0,0.0,0.0,0.0,0.0,0.5984069101748193,0.0,0.0,0.9115818724877364,0.6543749262763016,0.9119811573495711,0.0,0.0,0.9448044674353182,0.8119712047977568,0.0,0.0,0.0,0.0,0.0,0.0,0.0,0.0,0.0,0.0,0.0,0.0,0.0,0.0,0.0,0.8664920073596066,0.0,0.0,0.0,0.0,0.0,0.0,1.0,0.0,0.5982568870753587,0.885398602368851,0.0,0.0,0.8160503885859421,0.0,0.0,0.7087538500183282,0.0,0.0,0.0,0.0,0.0,0.0,0.0,0.0,0.0,0.0,0.0,0.0,0.0,0.0,0.8845513586499093,0.856221273935967,0.715777771111888,0.0,0.0,0.0,0.0,0.8818033928154875,0.8035334398420781,0.7704223093516329,0.0,0.9679670490198463,0.0,0.0,0.0,0.0,0.0,0.0,0.0,0.0,0.0,0.0,0.0,0.0,0.0,0.0,0.0,0.0,0.7261825859020746
0.0,0.0,0.0,0.0,0.0,0.9037080751987974,0.0,0.0,0.0,0.0,0.0,0.0,0.0,0.0,0.0,0.0,0.0,0.0,0.0,0.0,0.0,0.0,0.0,0.5536546921875681,0.0,0.0,0.0,0.0,0.0,0.0,0.0,0.0,0.0,0.0,0.0,0.0,0.0,0.0,0.0,0.0,0.0,0.0,0.0,0.0,0.0,0.0,0.0,0.0,0.9904804686320389,0.0,0.0,0.0,0.0,0.0,0.0,0.0,0.0,0.0,0.0,0.0,0.0,0.0,1.0,0.0,0.0,0.9960522622546847,0.0,0.0,0.0,0.0,0.0,0.0,0.0,0.0,0.0,0.0,0.0,0.0,0.0,0.0,0.0,0.0,0.0,0.0,0.7499029466881216,0.0,0.7573304079709909,0.0,0.0,0.0,0.0,0.0,0.0,0.0,0.8119647153488776,0.0,0.0,0.0,0.0,0.0,0.0,0.0,0.0,0.0,0.0,0.6630196751720507,0.0,0.0,0.8512679090565135,0.8687559236314908,0.0,0.0,0.0,0.0
0.0,0.9056108947771336,0.0,0.9553480753674749,0.0,0.0,0.0,0.0,0.8463332779140861,0.0,0.0,0.0,0.0,0.0,0.7763515253900011,0.7087099656332727,0.8958591940080027,0.0,0.0,0.8303879564142991,0.0,0.8498154638620667,0.9561259652677285,0.0,0.0,0.0,0.0,0.0,0.0,0.0,0.0,0.0,0.0,0.8869548174771058,0.7873530570480084,0.8921600926902387,0.8029227589983315,0.7847013802980934,0.0,0.0,0.0,0.0,0.0,0.0,0.7645175280878876,0.0,0.0,0.0,0.0,0.0,0.0,0.0,0.0,0.0,0.6121935041677877,0.8498154638620667,0.0,0.7548610128945499,0.0,0.8238135875171032,0.0,0.5982568870753587,0.0,1.0,0.8703944549730094,0.0,0.9537375853483812,0.7340223335951528,0.0,0.0,0.0,0.5631808203858086,0.6621948375366766,0.0,0.0,0.0,0.0,0.0,0.0,0.0,0.0,0.0,0.0,0.0,0.0,0.0,0.0,0.0,0.6669798194127614,0.6950176331097305,0.0,0.9128933081022146,0.8767904105861835,0.7145775847271213,0.0,0.9292700706972301,0.7457093033218734,0.0,0.8119654937825209,0.760773935104674,0.0,0.0,0.0,0.0,0.0,0.0,0.0,0.0,0.0,0.0,0.0,0.0,0.0,0.7873352404922298
0.0,0.7340109537234182,0.0,0.9542644565448706,0.0,0.0,0.662787057282598,0.0,0.9863752250439595,0.0,0.0,0.0,0.0,0.0,0.686382332703316,0.0,0.883851256065752,0.672614176445994,0.0,0.7873619677978811,0.0,0.7423342475900845,0.962843108084298,0.0,0.0,0.0,0.0,0.0,0.0,0.5669344919700193,0.0,0.0,0.726351270272879,0.8827796234661525,0.9771221328741402,0.6672623726008892,0.6599567311852041,0.9856343840976366,0.7637824275311987,0.0,0.0,0.0,0.0,0.0,0.0,0.0,0.0,0.0,0.0,0.0,0.0,0.0,0.0,0.0,0.8563979617078024,0.596492753315867,0.0,0.0,0.0,0.7073196528635208,0.0,0.885398602368851,0.0,0.8703944549730094,1.0,0.0,0.7548732691701944,0.9056106861802473,0.0,0.0,0.0,0.0,0.0,0.0,0.0,0.0,0.0,0.0,0.0,0.0,0.0,0.0,0.0,0.0,0.0,0.6455262123675536,0.6668469848954812,0.0,0.0,0.6219236987325305,0.0,0.76639165925035,0.9991867382686197,0.8888218662115736,0.0,0.6851305572935439,0.9654493976843525,0.0,0.6978235569443711,0.0,0.0,0.0,0.0,0.0,0.0,0.0,0.0,0.0,0.0,0.0,0.0,0.0,0.0,0.8303879983280226
0.0,0.0,0.0,0.0,0.0,0.9355675951133173,0.0,0.0,0.0,0.0,0.0,0.0,0.0,0.0,0.0,0.0,0.0,0.0,0.0,0.0,0.0,0.0,0.0,0.0,0.0,0.0,0.0,0.0,0.0,0.0,0.0,0.0,0.0,0.0,0.0,0.0,0.0,0.0,0.0,0.0,0.0,0.0,0.0,0.0,0.0,0.0,0.0,0.0,0.9971991796507746,0.0,0.0,0.0,0.0,0.0,0.0,0.0,0.0,0.0,0.0,0.0,0.0,0.0,0.9960522622546847,0.0,0.0,1.0,0.0,0.0,0.0,0.0,0.0,0.0,0.0,0.0,0.0,0.0,0.0,0.0,0.0,0.0,0.0,0.0,0.0,0.0,0.7607294246450248,0.0,0.8040296377217887,0.0,0.0,0.0,0.0,0.0,0.0,0.0,0.8563940157147818,0.0,0.0,0.0,0.0,0.0,0.0,0.0,0.0,0.0,0.0,0.6420241067109831,0.0,0.0,0.8603171890543087,0.8767604041984143,0.0,0.0,0.0,0.0
0.0,0.7961832898634865,0.0,0.8368863156324272,0.0,0.0,0.0,0.0,0.760798984260287,0.0,0.0,0.0,0.0,0.0,0.6168184450276185,0.7459414077749555,0.7400442967149801,0.0,0.0,0.8905036766982648,0.0,0.702149659580375,0.8430377230782523,0.0,0.0,0.0,0.0,0.0,0.0,0.0,0.0,0.0,0.0,0.8968681338152581,0.691735821656972,0.9856342248417946,0.6634726787172205,0.6629334369747082,0.0,0.0,0.0,0.0,0.0,0.0,0.8125303874933321,0.0,0.0,0.0,0.0,0.5767251384180424,0.0,0.0,0.0,0.0,0.0,0.7899158903913819,0.0,0.8817988604136373,0.0,0.9218623587334822,0.0,0.0,0.0,0.9537375853483812,0.7548732691701944,0.0,1.0,0.6906024490551493,0.0,0.0,0.0,0.5775990616352568,0.6340491221441491,0.0,0.0,0.0,0.0,0.0,0.0,0.0,0.0,0.0,0.0,0.0,0.0,0.0,0.0,0.0,0.0,0.0,0.0,0.9791790283646231,0.7554861449172149,0.6766988226964292,0.0,0.9904822612585887,0.5998847256158175,0.0,0.6621991848627887,0.8463271636539591,0.0,0.0,0.0,0.0,0.0,0.0,0.0,0.0,0.0,0.0,0.0,0.0,0.0,0.6072742533982102
0.0,0.0,0.6208390516399152,0.7816535833406154,0.0,0.0,0.8836677171949364,0.0,0.9609180808185619,0.0,0.0,0.0,0.0,0.0,0.0,0.0,0.6484344188505986,0.9056105427022861,0.0,0.8709386900244109,0.0,0.0,0.8029241777107025,0.0,0.0,0.0,0.6622328980887114,0.0,0.0,0.8119735423901557,0.0,0.5526045071821608,0.796210650977462,0.9202537597126146,0.9650287019622174,0.6362633975158744,0.0,0.9199611593740592,0.9285391741411666,0.0,0.0,0.0,0.0,0.0,0.0,0.0,0.0,0.0,0.0,0.0,0.0,0.0,0.0,0.0,0.9719167997024787,0.0,0.0,0.0,0.0,0.773933359500573,0.0,0.8160503885859421,0.0,0.7340223335951528,0.9056106861802473,0.0,0.6906024490551493,1.0,0.0,0.0,0.0,0.0,0.0,0.0,0.0,0.0,0.0,0.0,0.0,0.0,0.0,0.0,0.0,0.0,0.0,0.690212049286809,0.0,0.0,0.0,0.0,0.0,0.7657058654266893,0.8888218831587715,0.9991867358357694,0.0,0.6073097585815846,0.8504270768208869,0.0,0.0,0.0,0.0,0.0,0.6678813757991509,0.0,0.0,0.0,0.0,0.0,0.0,0.0,0.629526085281596,0.0,0.0,0.5733279714413041
0.0,0.0,0.0,0.0,0.0,0.0,0.5531255182317865,0.0,0.0,0.9754676793668048,0.0,0.0,0.0,0.0,0.0,0.0,0.0,0.6965331212371254,0.0,0.6517343530929057,0.0,0.0,0.0,0.0,0.0,0.0,0.0,0.0,0.9199677133619043,0.5826985773617012,0.0,0.7130080450105152,0.0,0.5525055129483812,0.0,0.0,0.0,0.0,0.0,0.0,0.0,0.0,0.0,0.0,0.0,0.0,0.0,0.0,0.0,0.0,0.0,0.0,0.0,0.0,0.0,0.0,0.0,0.0,0.0,0.6484335100196098,0.0,0.0,0.0,0.0,0.0,0.0,0.0,0.0,1.0,0.6767479730238295,0.0,0.0,0.0,0.0,0.0,0.0,0.0,0.0,0.8207764230951731,0.0,0.0,0.0,0.0,0.0,0.0,0.0,0.0,0.0,0.0,0.0,0.6201771604356309,0.0,0.0,0.0,0.0,0.0,0.0,0.0,0.0,0.0,0.0,0.0,0.554745282747111,0.0,0.0,0.0,0.9502062442903904,0.0,0.0,0.0,0.0,0.0,0.0,0.0
0.0,0.0,0.0,0.0,0.0,0.0,0.0,0.0,0.0,0.0,0.0,0.0,0.0,0.0,0.0,0.0,0.0,0.0,0.0,0.5829461510475986,0.0,0.0,0.0,0.0,0.0,0.0,0.0,0.0,0.0,0.0,0.0,0.0,0.0,0.0,0.0,0.6274087915565296,0.0,0.0,0.0,0.0,0.0,0.0,0.0,0.0,0.0,0.0,0.0,0.0,0.0,0.6749351512736135,0.0,0.0,0.0,0.0,0.0,0.0,0.0,0.62173032607033,0.0,0.6767680989043694,0.0,0.0,0.0,0.0,0.0,0.0,0.0,0.0,0.6767479730238295,1.0,0.0,0.0,0.0,0.0,0.0,0.0,0.0,0.0,0.7141585248854991,0.0,0.0,0.9255204944370173,0.0,0.0,0.0,0.0,0.0,0.0,0.0,0.0,0.0,0.5931701380481444,0.0,0.0,0.0,0.0,0.0,0.0,0.0,0.0,0.0,0.0,0.0,0.0,0.0,0.0,0.6168728036705884,0.0,0.0,0.0,0.0,0.0,0.0,0.0
0.0,0.0,0.8594713303626675,0.0,0.0,0.57534082996487,0.5910791437586045,0.976060053379002,0.0,0.0,0.0,0.0,0.0,0.0,0.0,0.0,0.0,0.0,0.0,0.0,0.8502132732278499,0.0,0.0,0.0,0.0,0.0,0.6304937648511176,0.763787120833602,0.0,0.5538400286364297,0.0,0.0,0.868819829213862,0.0,0.0,0.0,0.0,0.0,0.6629915689507773,0.0,0.0,0.0,0.5946929300025933,0.0,0.0,0.0,0.0,0.0,0.0,0.0,0.0,0.0,0.0,0.0,0.622146504992808,0.0,0.0,0.0,0.0,0.0,0.0,0.7087538500183282,0.0,0.0,0.0,0.0,0.0,0.0,0.0,0.0,1.0,0.0,0.0,0.0,0.0,0.0,0.0,0.0,0.0,0.0,0.0,0.0,0.0,0.0,0.0,0.9379196366328306,0.6143640045773399,0.9960525877312064,0.0,0.0,0.0,0.0,0.0,0.0,0.6726144864067859,0.0,0.5561140228254631,0.0,0.0,0.0,0.0,0.0,0.0,0.7899146647081656,0.0,0.0,0.0,0.0,0.0,0.0,0.6299144177496865,0.0,0.0,0.0
0.0,0.6967776801215121,0.0,0.0,0.0,0.0,0.0,0.0,0.0,0.0,0.0,0.0,0.6630177670020945,0.9554389208412272,0.5728879019240091,0.9582270079870508,0.0,0.0,0.0,0.0,0.0,0.6045372860790845,0.0,0.0,0.0,0.9864591276834139,0.0,0.0,0.0,0.0,0.8709580722012827,0.0,0.0,0.0,0.0,0.5681996836658927,0.6628443699625403,0.0,0.0,0.0,0.7021229269215801,0.556537684029908,0.0,0.0,0.9160636859939627,0.0,0.0,0.0,0.0,0.5760697560338515,0.0,0.0,0.0,0.0,0.0,0.8464349440334916,0.799583387708556,0.7222124378599719,0.0,0.0,0.0,0.0,0.0,0.5631808203858086,0.0,0.0,0.5775990616352568,0.0,0.0,0.0,0.0,1.0,0.9662239125778449,0.0,0.0,0.0,0.0,0.0,0.0,0.0,0.0,0.0,0.0,0.0,0.0,0.0,0.0,0.0,0.6628327586570234,0.0,0.0,0.0,0.0,0.0,0.0,0.6512222360134303,0.0,0.0,0.6144504341166669,0.8520035016343811,0.0,0.0,0.0,0.0,0.0,0.0,0.0,0.0,0.0,0.0,0.0,0.0,0.0,0.0
0.0,0.8273723570783208,0.0,0.5639442408574951,0.6631004300932914,0.0,0.0,0.0,0.0,0.0,0.0,0.0,0.7569879260652902,0.9791788892146936,0.7286566196781415,0.9442206510140907,0.6138105728930359,0.0,0.0,0.0,0.0,0.7539585622159267,0.0,0.0,0.6298025539143307,0.9254773682108707,0.0,0.0,0.0,0.0,0.9192807047372341,0.0,0.0,0.0,0.0,0.5997164311347434,0.8106086645282395,0.0,0.0,0.6460560869612926,0.7707637780814289,0.6416889793545622,0.0,0.0,0.9115785052842864,0.0,0.0,0.0,0.0,0.0,0.0,0.0,0.0,0.0,0.0,0.9383358251459242,0.6667980365464334,0.6978223958033474,0.0,0.0,0.0,0.0,0.0,0.6621948375366766,0.0,0.0,0.6340491221441491,0.0,0.0,0.0,0.0,0.9662239125778449,1.0,0.0,0.0,0.0,0.0,0.0,0.0,0.0,0.615519036760674,0.0,0.0,0.0,0.0,0.0,0.0,0.0,0.8106015421796771,0.6900823926292123,0.0,0.0,0.0,0.0,0.0,0.6941250272184026,0.0,0.0,0.7663243551085407,0.8313496749281742,0.0,0.5909496649252278,0.0,0.0,0.0,0.0,0.0,0.0,0.0,0.0,0.0,0.0,0.0,0.0
0.0,0.0,0.0,0.0,0.0,0.0,0.0,0.0,0.0,0.0,0.0,0.0,0.0,0.0,0.0,0.0,0.0,0.0,0.9719419980699622,0.0,0.0,0.0,0.0,0.0,0.0,0.0,0.0,0.0,0.0,0.0,0.0,0.0,0.0,0.0,0.0,0.0,0.0,0.0,0.0,0.0,0.0,0.0,0.0,0.0,0.0,0.0,0.8046309860053699,0.7408075623693788,0.0,0.0,0.0,0.0,0.5509612923615997,0.0,0.0,0.0,0.0,0.0,0.0,0.0,0.0,0.0,0.0,0.0,0.0,0.0,0.0,0.0,0.0,0.0,0.0,0.0,0.0,1.0,0.7816595118554712,0.0,0.0,0.0,0.0,0.5659695988370909,0.0,0.0,0.7397853894058596,0.8161680948616336,0.0,0.0,0.0,0.0,0.0,0.0,0.0,0.0,0.0,0.0,0.0,0.0,0.0,0.0,0.0,0.0,0.0,0.0,0.0,0.0,0.0,0.0,0.0,0.0,0.0,0.0,0.0,0.7677361295282784,0.726503372358924,0.0
0.0,0.0,0.0,0.0,0.0,0.0,0.0,0.0,0.0,0.0,0.0,0.0,0.0,0.0,0.0,0.0,0.0,0.0,0.8303876541882024,0.0,0.0,0.0,0.0,0.0,0.0,0.0,0.0,0.0,0.0,0.0,0.0,0.0,0.0,0.0,0.0,0.0,0.0,0.0,0.0,0.0,0.0,0.0,0.0,0.0,0.0,0.0,0.9904885452795175,0.9631276587235493,0.0,0.0,0.0,0.0,0.0,0.0,0.0,0.0,0.0,0.0,0.0,0.0,0.0,0.0,0.0,0.0,0.0,0.0,0.0,0.0,0.0,0.0,0.0,0.0,0.0,0.7816595118554712,1.0,0.0,0.0,0.0,0.0,0.0,0.0,0.0,0.9417858282754947,0.8850632628067383,0.0,0.0,0.0,0.0,0.0,0.0,0.0,0.0,0.0,0.0,0.0,0.0,0.0,0.5789425243848724,0.0,0.0,0.0,0.0,0.0,0.0,0.0,0.0,0.0,0.6669829045700361,0.0,0.0,0.0,0.9929089659095571,0.7195289915568336,0.0
0.9719001535447657,0.0,0.0,0.0,0.8857425923968669,0.0,0.0,0.0,0.0,0.0,0.0,0.0,0.6367569389602042,0.0,0.7257826321047597,0.0,0.5657505763365587,0.0,0.0,0.0,0.0,0.6420289795655172,0.0,0.999186745358615,0.8000875781007851,0.0,0.0,0.0,0.0,0.0,0.0,0.0,0.0,0.0,0.0,0.0,0.6634734459737902,0.0,0.0,0.8973466994172166,0.0,0.6250658885331049,0.0,0.0,0.0,0.0,0.0,0.0,0.5746319827813252,0.0,0.0,0.0,0.0,0.0,0.0,0.0,0.0,0.0,0.0,0.0,0.0,0.0,0.0,0.0,0.0,0.0,0.0,0.0,0.0,0.0,0.0,0.0,0.0,0.0,0.0,1.0,0.608706783200131,0.7491226248208309,0.0,0.0,0.9156553822751321,0.0,0.0,0.0,0.898880622474522,0.0,0.0,0.0,0.7459328205172956,0.804012377742232,0.0,0.0,0.0,0.0,0.0,0.0,0.0,0.0,0.6785477345686916,0.0,0.0,0.0,0.0,0.0,0.0,0.937881187643088,0.0,0.0,0.8325189353869618,0.8191985128250456,0.0,0.0,0.0,0.6749257950031837
0.6416816832910334,0.0,0.0,0.0,0.6149836217346966,0.0,0.0,0.0,0.0,0.0,0.0,0.0,0.7961645565949764,0.0,0.0,0.0,0.0,0.0,0.0,0.0,0.0,0.0,0.0,0.5896967060803153,0.8526021404649745,0.0,0.0,0.0,0.0,0.0,0.5837074343125312,0.0,0.0,0.0,0.0,0.0,0.0,0.0,0.0,0.6627813905504971,0.7706872149614771,0.8907149280386523,0.0,0.9368463547625796,0.0,0.0,0.0,0.0,0.0,0.0,0.0,0.0,0.0,0.0,0.0,0.0,0.0,0.0,0.0,0.0,0.0,0.0,0.0,0.0,0.0,0.0,0.0,0.0,0.0,0.0,0.0,0.0,0.0,0.0,0.0,0.608706783200131,1.0,0.91787106151212,0.0,0.0,0.681103002274233,0.0,0.0,0.0,0.0,0.0,0.0,0.0,0.0,0.0,0.0,0.0,0.0,0.0,0.0,0.0,0.0,0.0,0.0,0.0,0.0,0.8625667442138117,0.0,0.0,0.0,0.0,0.0,0.0,0.0,0.0,0.0,0.0,0.0,0.0
0.7222141942101674,0.0,0.0,0.0,0.6340442183017097,0.0,0.0,0.0,0.0,0.0,0.0,0.0,0.6618699882563237,0.0,0.0,0.0,0.0,0.0,0.0,0.0,0.0,0.0,0.0,0.7269082320411698,0.800617694101557,0.0,0.0,0.0,0.0,0.0,0.0,0.0,0.0,0.0,0.0,0.0,0.0,0.0,0.0,0.6811031899068593,0.6013574099762471,0.7458889528391558,0.0,0.7662403121985253,0.0,0.0,0.0,0.0,0.0,0.0,0.0,0.0,0.0,0.0,0.0,0.0,0.0,0.0,0.0,0.0,0.0,0.0,0.0,0.0,0.0,0.0,0.0,0.0,0.0,0.0,0.0,0.0,0.0,0.0,0.0,0.7491226248208309,0.91787106151212,1.0,0.0,0.0,0.7096601876314073,0.0,0.0,0.0,0.0,0.0,0.0,0.0,0.0,0.0,0.0,0.0,0.0,0.0,0.0,0.0,0.0,0.0,0.0,0.0,0.0,0.6541610995679615,0.0,0.0,0.0,0.7111431123173242,0.0,0.0,0.0,0.0,0.0,0.0,0.0,0.0
0.0,0.0,0.0,0.0,0.0,0.0,0.0,0.0,0.0,0.7458303801506085,0.0,0.0,0.0,0.0,0.0,0.0,0.0,0.0,0.0,0.0,0.0,0.0,0.0,0.0,0.0,0.0,0.0,0.0,0.753156918478169,0.0,0.0,0.0,0.0,0.0,0.0,0.0,0.0,0.0,0.0,0.0,0.0,0.0,0.0,0.0,0.0,0.0,0.0,0.0,0.0,0.0,0.0,0.0,0.0,0.7434063716661145,0.0,0.0,0.0,0.0,0.0,0.0,0.0,0.0,0.0,0.0,0.0,0.0,0.0,0.0,0.8207764230951731,0.7141585248854991,0.0,0.0,0.0,0.0,0.0,0.0,0.0,0.0,1.0,0.0,0.0,0.6890369589491846,0.0,0.0,0.0,0.0,0.0,0.0,0.0,0.0,0.0,0.0,0.0,0.0,0.0,0.0,0.0,0.0,0.0,0.0,0.0,0.0,0.0,0.0,0.0,0.0,0.918723583452964,0.0,0.0,0.0,0.0,0.0,0.0,0.0
0.0,0.0,0.0,0.0,0.0,0.0,0.0,0.0,0.0,0.0,0.0,0.7408078852671147,0.0,0.0,0.0,0.0,0.0,0.0,0.0,0.0,0.0,0.0,0.0,0.0,0.0,0.0,0.0,0.0,0.0,0.0,0.0,0.0,0.0,0.0,0.0,0.0,0.0,0.0,0.0,0.0,0.0,0.0,0.0,0.0,0.0,0.9432989437265205,0.0,0.0,0.0,0.0,0.0,0.0,0.7262710482162946,0.0,0.0,0.0,0.0,0.0,0.0,0.0,0.7710105694404424,0.0,0.0,0.0,0.0,0.0,0.0,0.0,0.0,0.0,0.0,0.0,0.0,0.5659695988370909,0.0,0.0,0.0,0.0,0.0,1.0,0.0,0.0,0.0,0.0,0.0,0.0,0.0,0.0,0.0,0.0,0.0,0.0,0.0,0.0,0.0,0.0,0.0,0.0,0.0,0.0,0.0,0.0,0.0,0.0,0.0,0.0,0.0,0.0,0.0,0.0,0.0,0.0,0.726256565533651,0.0
0.9826198256608673,0.7162505804286828,0.0,0.0,0.992008523809485,0.0,0.0,0.0,0.0,0.0,0.0,0.0,0.8464081304381021,0.6321374750888633,0.8660544421139568,0.0,0.6740319120863829,0.0,0.0,0.0,0.0,0.7978702100144344,0.0,0.9178935668706778,0.9369602291620215,0.0,0.0,0.0,0.0,0.0,0.7121700621352265,0.0,0.0,0.0,0.0,0.0,0.8420990438140119,0.0,0.0,0.9984862467244248,0.7655929706835506,0.8049491807838707,0.0,0.7076879508126857,0.0,0.0,0.0,0.0,0.0,0.0,0.0,0.0,0.0,0.0,0.0,0.6630292171008435,0.0,0.0,0.0,0.0,0.0,0.0,0.0,0.0,0.0,0.0,0.0,0.0,0.0,0.0,0.0,0.0,0.615519036760674,0.0,0.0,0.9156553822751321,0.681103002274233,0.7096601876314073,0.0,0.0,1.0,0.0,0.0,0.0,0.7751186967271538,0.0,0.0,0.0,0.9284593799478124,0.9212167286549181,0.0,0.0,0.0,0.0,0.0,0.0,0.0,0.0,0.8377845545150481,0.0,0.0,0.6464495125495296,0.0,0.0,0.0,0.740168443610922,0.0,0.0,0.6667654204865995,0.6460526324778673,0.0,0.0,0.0,0.7371788506082664
0.0,0.0,0.0,0.0,0.0,0.0,0.0,0.0,0.0,0.0,0.0,0.0,0.0,0.0,0.0,0.0,0.0,0.0,0.0,0.0,0.0,0.0,0.0,0.0,0.0,0.0,0.0,0.0,0.0,0.0,0.0,0.0,0.0,0.0,0.0,0.0,0.0,0.0,0.0,0.0,0.0,0.0,0.0,0.0,0.0,0.0,0.0,0.0,0.0,0.6219233497418677,0.0,0.0,0.0,0.0,0.0,0.0,0.0,0.0,0.0,0.0,0.0,0.0,0.0,0.0,0.0,0.0,0.0,0.0,0.0,0.9255204944370173,0.0,0.0,0.0,0.0,0.0,0.0,0.0,0.0,0.6890369589491846,0.0,0.0,1.0,0.0,0.0,0.0,0.0,0.0,0.0,0.0,0.0,0.0,0.0,0.0,0.0,0.0,0.0,0.0,0.0,0.0,0.0,0.0,0.0,0.0,0.0,0.0,0.0,0.0,0.0,0.0,0.0,0.0,0.0,0.0,0.0
0.0,0.0,0.0,0.0,0.0,0.0,0.0,0.0,0.0,0.0,0.0,0.0,0.0,0.0,0.0,0.0,0.0,0.0,0.8421392389491991,0.0,0.0,0.0,0.0,0.0,0.0,0.0,0.0,0.0,0.0,0.0,0.0,0.0,0.0,0.0,0.0,0.0,0.0,0.0,0.0,0.0,0.0,0.0,0.0,0.0,0.0,0.0,0.9751052750396447,0.8250651891876765,0.0,0.0,0.0,0.0,0.0,0.0,0.0,0.0,0.0,0.0,0.0,0.0,0.0,0.0,0.0,0.0,0.0,0.0,0.0,0.0,0.0,0.0,0.0,0.0,0.0,0.7397853894058596,0.9417858282754947,0.0,0.0,0.0,0.0,0.0,0.0,0.0,1.0,0.9704551343875576,0.0,0.0,0.0,0.0,0.0,0.0,0.0,0.0,0.0,0.0,0.0,0.0,0.0,0.0,0.0,0.0,0.0,0.0,0.0,0.0,0.0,0.0,0.0,0.6149920415970755,0.0,0.0,0.0,0.8974803861392329,0.0,0.0
0.0,0.0,0.0,0.0,0.0,0.0,0.0,0.0,0.0,0.0,0.0,0.0,0.0,0.0,0.0,0.0,0.0,0.0,0.9188079736093926,0.0,0.0,0.0,0.0,0.0,0.0,0.0,0.0,0.0,0.0,0.0,0.0,0.0,0.0,0.0,0.0,0.0,0.0,0.0,0.0,0.0,0.0,0.0,0.0,0.0,0.0,0.0,0.9383786241445718,0.7529648439714896,0.0,0.0,0.0,0.0,0.0,0.0,0.0,0.0,0.0,0.0,0.0,0.0,0.0,0.0,0.0,0.0,0.0,0.0,0.0,0.0,0.0,0.0,0.0,0.0,0.0,0.8161680948616336,0.8850632628067383,0.0,0.0,0.0,0.0,0.0,0.0,0.0,0.9704551343875576,1.0,0.0,0.0,0.0,0.0,0.0,0.0,0.0,0.0,0.0,0.0,0.0,0.0,0.0,0.0,0.0,0.0,0.0,0.0,0.0,0.0,0.0,0.0,0.0,0.0,0.0,0.0,0.0,0.8317313553702865,0.0,0.0
0.8580836544563589,0.5529296356815977,0.0,0.0,0.7807119160166818,0.679334531128656,0.0,0.0,0.0,0.0,0.0,0.0,0.0,0.0,0.7402074177922002,0.0,0.6793345311288098,0.0,0.0,0.0,0.0,0.6760763245258581,0.0,0.912883757068101,0.5746167049700032,0.0,0.0,0.0,0.0,0.0,0.0,0.0,0.0,0.0,0.0,0.0,0.6542679521288144,0.0,0.0,0.7656130267361969,0.0,0.0,0.0,0.0,0.0,0.0,0.0,0.0,0.8001226810822274,0.0,0.0,0.0,0.0,0.0,0.0,0.0,0.0,0.0,0.0,0.0,0.0,0.0,0.7499029466881216,0.0,0.0,0.7607294246450248,0.0,0.0,0.0,0.0,0.0,0.0,0.0,0.0,0.0,0.898880622474522,0.0,0.0,0.0,0.0,0.7751186967271538,0.0,0.0,0.0,1.0,0.0,0.7637737175196461,0.0,0.6671571122439324,0.7941743624197826,0.0,0.0,0.0,0.0,0.6696315007881698,0.0,0.5750117162229744,0.0,0.6916510360999848,0.0,0.0,0.0,0.0,0.0,0.0,0.8660541952944278,0.0,0.0,0.9818228188279792,0.9742785990716082,0.0,0.0,0.0,0.8049750111249206
0.0,0.0,0.870925739337295,0.0,0.0,0.5973757242859776,0.7400938133253412,0.8875767674915679,0.6632247714110491,0.0,0.0,0.0,0.0,0.0,0.0,0.0,0.0,0.6052522807947215,0.0,0.0,0.7637861149321042,0.0,0.0,0.0,0.0,0.0,0.6950405427210241,0.7201888329032756,0.0,0.6800516438469193,0.0,0.0,0.9818320265316429,0.0,0.7337061355707565,0.0,0.0,0.7460255287883912,0.8294630529159068,0.0,0.0,0.0,0.0,0.0,0.0,0.0,0.0,0.0,0.0,0.0,0.0,0.0,0.0,0.0,0.8139952161310746,0.0,0.0,0.0,0.0,0.0,0.0,0.8845513586499093,0.0,0.0,0.6455262123675536,0.0,0.0,0.690212049286809,0.0,0.0,0.9379196366328306,0.0,0.0,0.0,0.0,0.0,0.0,0.0,0.0,0.0,0.0,0.0,0.0,0.0,0.0,1.0,0.7222115589957969,0.9315556340145875,0.0,0.0,0.0,0.0,0.6335574724257268,0.689652576620272,0.720324064040152,0.0,0.759674424561081,0.0,0.0,0.0,0.0,0.0,0.5966250371187705,0.6733332433639377,0.0,0.0,0.0,0.0,0.0,0.0,0.6823582623967865,0.0,0.0,0.0
0.0,0.0,0.0,0.5954795860559806,0.0,0.9119655033967445,0.0,0.6622111432721987,0.601501661644101,0.0,0.0,0.0,0.0,0.0,0.0,0.0,0.6405052683569408,0.0,0.0,0.0,0.0,0.0,0.592100075161143,0.0,0.0,0.0,0.0,0.0,0.0,0.0,0.0,0.0,0.6863836854735401,0.0,0.6441253137332607,0.0,0.0,0.7221142883063544,0.0,0.0,0.0,0.0,0.0,0.0,0.0,0.0,0.0,0.0,0.8292201686558087,0.0,0.0,0.0,0.0,0.0,0.5508158085080139,0.0,0.0,0.0,0.0,0.0,0.0,0.856221273935967,0.7573304079709909,0.0,0.6668469848954812,0.8040296377217887,0.0,0.0,0.0,0.0,0.6143640045773399,0.0,0.0,0.0,0.0,0.0,0.0,0.0,0.0,0.0,0.0,0.0,0.0,0.0,0.7637737175196461,0.7222115589957969,1.0,0.6512312742670391,0.0,0.0,0.0,0.0,0.6761326081999356,0.0,0.9654455588702231,0.0,0.8107459457494568,0.0,0.0,0.0,0.0,0.0,0.0,0.0,0.0,0.0,0.0,0.0,0.8097065031715462,0.8114114653485167,0.0,0.0,0.0,0.7336466776355649
0.0,0.0,0.8171327834912312,0.0,0.0,0.625420925444381,0.5530846767292076,0.9904834271354587,0.0,0.0,0.0,0.0,0.0,0.0,0.0,0.0,0.0,0.0,0.0,0.0,0.8068740335588208,0.0,0.0,0.0,0.0,0.0,0.5804742085550748,0.7127981938892667,0.0,0.0,0.0,0.0,0.854112943755611,0.0,0.0,0.0,0.0,0.0,0.6323217492634164,0.0,0.0,0.0,0.0,0.0,0.0,0.0,0.0,0.0,0.0,0.0,0.0,0.0,0.0,0.0,0.599456744863168,0.0,0.0,0.0,0.0,0.0,0.0,0.715777771111888,0.0,0.0,0.0,0.0,0.0,0.0,0.0,0.0,0.9960525877312064,0.0,0.0,0.0,0.0,0.0,0.0,0.0,0.0,0.0,0.0,0.0,0.0,0.0,0.0,0.9315556340145875,0.6512312742670391,1.0,0.0,0.0,0.0,0.0,0.0,0.0,0.7176697073728845,0.0,0.5623833811986233,0.0,0.0,0.0,0.0,0.0,0.0,0.7454937389277927,0.0,0.0,0.0,0.0,0.0,0.0,0.5788675918373368,0.0,0.0,0.0
0.868619064539859,0.9005451981146672,0.0,0.6907266091370945,0.9624597233880215,0.0,0.0,0.0,0.0,0.0,0.0,0.0,0.8420967068338908,0.7941665371331502,0.9603008587892894,0.6565617832080635,0.8119636775643486,0.0,0.0,0.0,0.0,0.9336016312648903,0.6669798194128381,0.7563227071784255,0.8520039301566918,0.5997693953952683,0.0,0.0,0.0,0.0,0.8206532575724892,0.0,0.0,0.0,0.0,0.0,0.9711356080140978,0.0,0.0,0.9469252202584622,0.7832350349615835,0.7491246421854927,0.0,0.6282900883405725,0.6397243410685285,0.0,0.0,0.0,0.0,0.0,0.0,0.0,0.0,0.0,0.0,0.8728243810905645,0.0,0.0,0.0,0.0,0.0,0.0,0.0,0.6669798194127614,0.0,0.0,0.0,0.0,0.0,0.0,0.0,0.6628327586570234,0.8106015421796771,0.0,0.0,0.7459328205172956,0.0,0.0,0.0,0.0,0.9284593799478124,0.0,0.0,0.0,0.6671571122439324,0.0,0.0,0.0,1.0,0.9679579037282877,0.0,0.0,0.0,0.0,0.0,0.0,0.0,0.0,0.9582269199277653,0.0,0.0,0.6097105394243233,0.0,0.0,0.0,0.0,0.0,0.0,0.5526691854680976,0.0,0.0,0.0,0.0,0.8170945818978588
0.8988812422017669,0.8968514489403845,0.0,0.7661268221449418,0.9609184150160833,0.0,0.0,0.0,0.0,0.0,0.0,0.0,0.7212296992404433,0.6542564978233606,0.9899240022981678,0.554553020580624,0.8894456953287102,0.0,0.0,0.0,0.0,0.9603013052176497,0.7434079011380604,0.8191996887250483,0.7767327094071437,0.0,0.0,0.0,0.0,0.0,0.6766384864655598,0.0,0.0,0.0,0.0,0.0,0.9679589585281257,0.5574734613669352,0.0,0.9362239751897589,0.6454527490332079,0.6314212747251935,0.0,0.0,0.5529377895516736,0.0,0.0,0.0,0.0,0.0,0.0,0.0,0.0,0.0,0.0,0.8115630634042841,0.0,0.0,0.0,0.0,0.0,0.0,0.0,0.6950176331097305,0.6219236987325305,0.0,0.0,0.0,0.0,0.0,0.0,0.0,0.6900823926292123,0.0,0.0,0.804012377742232,0.0,0.0,0.0,0.0,0.9212167286549181,0.0,0.0,0.0,0.7941743624197826,0.0,0.0,0.0,0.9679579037282877,1.0,0.0,0.0,0.6461658246265657,0.0,0.0,0.0,0.6062278771101136,0.0,0.9760547730923662,0.0,0.0,0.0,0.0,0.0,0.0,0.6112021289317241,0.0,0.0,0.6895193289795991,0.6671649053504054,0.0,0.0,0.0,0.9199554848042387
0.0,0.0,0.6636025504948715,0.0,0.0,0.0,0.7882557065455778,0.0,0.0,0.7458303801503884,0.0,0.0,0.0,0.0,0.0,0.0,0.0,0.7767422561799829,0.0,0.0,0.564353590346522,0.0,0.0,0.0,0.0,0.0,0.8845713268336237,0.6969487713048664,0.7531569184779867,0.8690967192669209,0.0,0.9880490511114113,0.0,0.0,0.0,0.0,0.0,0.0,0.6669817038767888,0.0,0.0,0.0,0.6679558938959347,0.0,0.0,0.0,0.0,0.0,0.0,0.0,0.0,0.0,0.0,0.0,0.5753394407342769,0.0,0.0,0.0,0.0,0.0,0.0,0.0,0.0,0.0,0.0,0.0,0.0,0.0,0.6201771604356309,0.0,0.0,0.0,0.0,0.0,0.0,0.0,0.0,0.0,0.0,0.0,0.0,0.0,0.0,0.0,0.0,0.0,0.0,0.0,0.0,0.0,1.0,0.0,0.0,0.0,0.0,0.0,0.0,0.9303387438975996,0.0,0.0,0.0,0.0,0.9502062442904293,0.0,0.0,0.0,0.554778469347491,0.6047984584472165,0.0,0.0,0.8850312810337033,0.0,0.0,0.0
0.0,0.6978247182490191,0.0,0.8035207817711927,0.0,0.0,0.0,0.0,0.7968390501816008,0.0,0.0,0.0,0.0,0.0,0.0,0.6314455147292196,0.6785891786142261,0.6274141907579587,0.0,0.9603054741383324,0.0,0.6097362873031545,0.8160391182108352,0.0,0.0,0.0,0.0,0.0,0.0,0.0,0.0,0.0,0.0,0.9491569248406536,0.7335033017422553,0.9754600572575455,0.5606825298529935,0.6879399372064406,0.0,0.0,0.0,0.0,0.0,0.0,0.7057969031247672,0.0,0.0,0.0,0.0,0.0,0.0,0.0,0.0,0.0,0.6252443604394554,0.6745036551693862,0.0,0.827405048091686,0.0,0.9791790532269727,0.0,0.0,0.0,0.9128933081022146,0.76639165925035,0.0,0.9791790283646231,0.7657058654266893,0.0,0.5931701380481444,0.0,0.0,0.0,0.0,0.0,0.0,0.0,0.0,0.0,0.0,0.0,0.0,0.0,0.0,0.0,0.0,0.0,0.0,0.0,0.0,0.0,1.0,0.760798984260287,0.7564192856367434,0.0,0.9502011712326537,0.6100659238424829,0.0,0.5657627412241136,0.7573468978733225,0.0,0.0,0.0,0.0,0.0,0.0,0.0,0.0,0.0,0.0,0.0,0.0,0.0,0.0
0.0,0.7527585816521061,0.0,0.9628428686926588,0.0,0.0,0.6389600369544362,0.0,0.9791790283646231,0.0,0.0,0.0,0.0,0.0,0.709664225450541,0.0,0.9005460999612095,0.6484339428793825,0.0,0.7740229146068556,0.0,0.7637763966753941,0.9699191166831307,0.0,0.0,0.0,0.0,0.0,0.0,0.0,0.0,0.0,0.7117255997300113,0.872071210125585,0.9684163517605081,0.6656337736245289,0.6823420811996267,0.9816329238036601,0.7423396938921559,0.0,0.0,0.0,0.0,0.0,0.0,0.0,0.0,0.0,0.0,0.0,0.0,0.0,0.0,0.0,0.8377904678795274,0.6137213337995943,0.0,0.0,0.0,0.6964683779410233,0.0,0.8818033928154875,0.0,0.8767904105861835,0.9991867382686197,0.0,0.7554861449172149,0.8888218831587715,0.0,0.0,0.0,0.0,0.0,0.0,0.0,0.0,0.0,0.0,0.0,0.0,0.0,0.0,0.0,0.0,0.0,0.6335574724257268,0.6761326081999356,0.0,0.0,0.6461658246265657,0.0,0.760798984260287,1.0,0.8709259916749595,0.0,0.6879214726149652,0.9662349595437151,0.0,0.7203203989905226,0.0,0.0,0.0,0.0,0.0,0.0,0.0,0.0,0.0,0.0,0.0,0.0,0.0,0.0,0.8502132526335534
0.0,0.0,0.6335977069496932,0.7597093607691011,0.0,0.0,0.8988955079420431,0.0,0.9492623807475692,0.0,0.0,0.0,0.0,0.0,0.0,0.0,0.6241070951449806,0.9212162991689795,0.0,0.8688163726382854,0.0,0.0,0.781653664451797,0.0,0.0,0.0,0.6824718038841476,0.0,0.0,0.8313594202577991,0.0,0.5769543673354385,0.7968600182951039,0.9135404107097551,0.9548756840647857,0.6254865489633978,0.0,0.905849594070687,0.9368867815183827,0.0,0.0,0.0,0.0,0.0,0.0,0.0,0.0,0.0,0.0,0.0,0.0,0.0,0.0,0.0,0.9742921154525569,0.0,0.0,0.0,0.0,0.7707928258227157,0.0,0.8035334398420781,0.0,0.7145775847271213,0.8888218662115736,0.0,0.6766988226964292,0.9991867358357694,0.0,0.0,0.0,0.0,0.0,0.0,0.0,0.0,0.0,0.0,0.0,0.0,0.0,0.0,0.0,0.0,0.0,0.689652576620272,0.0,0.0,0.0,0.0,0.0,0.7564192856367434,0.8709259916749595,1.0,0.0,0.5931499260639517,0.8333045080485173,0.0,0.0,0.0,0.0,0.0,0.690536161129126,0.0,0.0,0.0,0.0,0.0,0.0,0.0,0.6498220337064223,0.0,0.0,0.0
0.0,0.0,0.0,0.0,0.0,0.9760566360077125,0.0,0.7491329424844624,0.0,0.0,0.0,0.0,0.0,0.0,0.0,0.0,0.0,0.0,0.0,0.0,0.0,0.0,0.0,0.0,0.0,0.0,0.0,0.0,0.0,0.0,0.0,0.0,0.6528717035831142,0.0,0.0,0.0,0.0,0.5948254588750514,0.0,0.0,0.0,0.0,0.0,0.0,0.0,0.0,0.0,0.0,0.866055084045334,0.0,0.0,0.0,0.0,0.0,0.0,0.0,0.0,0.0,0.0,0.0,0.0,0.7704223093516329,0.8119647153488776,0.0,0.0,0.8563940157147818,0.0,0.0,0.0,0.0,0.6726144864067859,0.0,0.0,0.0,0.0,0.0,0.0,0.0,0.0,0.0,0.0,0.0,0.0,0.0,0.6696315007881698,0.720324064040152,0.9654455588702231,0.7176697073728845,0.0,0.0,0.0,0.0,0.0,0.0,1.0,0.0,0.6844362787495861,0.0,0.0,0.0,0.0,0.0,0.0,0.0,0.0,0.0,0.0,0.0,0.7468284175381422,0.7557834359446601,0.0,0.0,0.0,0.5763954186415635
0.0,0.8006539771959285,0.0,0.7910035354615571,0.0,0.0,0.0,0.0,0.6844530540863334,0.0,0.0,0.0,0.0,0.5705213617521877,0.6121619438862768,0.8151911675441406,0.7072853374054182,0.0,0.0,0.833303482493925,0.0,0.6959102264210338,0.7942291644456753,0.0,0.0,0.5559271336240492,0.0,0.0,0.0,0.0,0.0,0.0,0.0,0.8333540410395676,0.6125206468805305,0.9863752046159588,0.6696379377414964,0.5878086074176383,0.0,0.0,0.0,0.0,0.0,0.0,0.8756432820365705,0.0,0.0,0.0,0.0,0.6447204445881181,0.0,0.0,0.0,0.0,0.0,0.8234312843867116,0.5738867564443574,0.9315414533147408,0.0,0.8838517502592851,0.0,0.0,0.0,0.9292700706972301,0.6851305572935439,0.0,0.9904822612585887,0.6073097585815846,0.0,0.0,0.0,0.6512222360134303,0.6941250272184026,0.0,0.0,0.0,0.0,0.0,0.0,0.0,0.0,0.0,0.0,0.0,0.0,0.0,0.0,0.0,0.0,0.0,0.0,0.9502011712326537,0.6879214726149652,0.5931499260639517,0.0,1.0,0.0,0.0,0.6605998802870667,0.9078734786090189,0.0,0.0,0.0,0.0,0.0,0.0,0.0,0.0,0.0,0.0,0.0,0.0,0.0,0.5738867564439684
0.0,0.6465266361485277,0.0,0.8857812681960228,0.0,0.564199216808212,0.6484339428793822,0.0,0.9368789300227306,0.0,0.0,0.0,0.0,0.0,0.652859990245017,0.0,0.8448902020651282,0.6143675183723513,0.0,0.6455230567427748,0.0,0.6889837315477417,0.8922917039559137,0.0,0.0,0.0,0.0,0.0,0.0,0.551058489158943,0.0,0.0,0.8125407454468732,0.7564068957800245,0.9542656322952802,0.0,0.6035573461544461,0.9864614225928762,0.7682772842324666,0.0,0.0,0.0,0.0,0.0,0.0,0.0,0.0,0.0,0.0,0.0,0.0,0.0,0.0,0.0,0.8502132625736888,0.0,0.0,0.0,0.0,0.5530316084547025,0.0,0.9679670490198463,0.0,0.7457093033218734,0.9654493976843525,0.0,0.5998847256158175,0.8504270768208869,0.0,0.0,0.5561140228254631,0.0,0.0,0.0,0.0,0.0,0.0,0.0,0.0,0.0,0.0,0.0,0.0,0.0,0.5750117162229744,0.759674424561081,0.8107459457494568,0.5623833811986233,0.0,0.6062278771101136,0.0,0.6100659238424829,0.9662349595437151,0.8333045080485173,0.6844362787495861,0.0,1.0,0.0,0.6497821856555895,0.0,0.0,0.0,0.0,0.0,0.0,0.0,0.0,0.0,0.5559289098931697,0.0,0.0,0.0,0.0,0.8377879583469224
0.0,0.0,0.0,0.0,0.0,0.0,0.5765494922360213,0.0,0.0,0.6016429594029093,0.0,0.0,0.0,0.0,0.0,0.0,0.0,0.5516546349366868,0.0,0.0,0.0,0.0,0.0,0.0,0.0,0.0,0.7491414783067011,0.6299490410813783,0.6633564076711556,0.6740283508452621,0.0,0.8907544387094768,0.0,0.0,0.0,0.0,0.0,0.0,0.0,0.0,0.0,0.0,0.6874015837752123,0.0,0.0,0.0,0.0,0.7146307713136557,0.0,0.0,0.0,0.0,0.0,0.0,0.0,0.0,0.0,0.0,0.0,0.0,0.0,0.0,0.0,0.0,0.0,0.0,0.0,0.0,0.0,0.0,0.0,0.0,0.0,0.0,0.5789425243848724,0.0,0.0,0.0,0.0,0.0,0.0,0.0,0.0,0.0,0.0,0.0,0.0,0.0,0.0,0.0,0.9303387438975996,0.0,0.0,0.0,0.0,0.0,0.0,1.0,0.0,0.0,0.0,0.0,0.8114095320460025,0.0,0.0,0.0,0.0,0.6853072200263172,0.0,0.0,0.7637928229439557,0.6421656408232007,0.6241042367519315,0.0
0.7948610722358918,0.969915473815167,0.0,0.8502132490843787,0.8961353454398298,0.0,0.0,0.0,0.6102622671599618,0.0,0.0,0.0,0.6823324822984395,0.7072367511726464,0.996388219970954,0.6628598539040337,0.9386731773994866,0.0,0.0,0.0,0.0,0.9967509342492249,0.8303880192788357,0.6958800494269005,0.6980301784068875,0.0,0.0,0.0,0.0,0.0,0.6961961270409441,0.0,0.0,0.0,0.5682012633946472,0.5704082164001238,0.996388219970954,0.6196459920441986,0.0,0.8618137042207714,0.6204510146543966,0.5750060096218832,0.0,0.0,0.6701887187529766,0.0,0.0,0.0,0.0,0.0,0.0,0.0,0.0,0.0,0.0,0.9010248566260268,0.0,0.0,0.0,0.0,0.0,0.0,0.0,0.8119654937825209,0.6978235569443711,0.0,0.6621991848627887,0.0,0.0,0.0,0.0,0.6144504341166669,0.7663243551085407,0.0,0.0,0.6785477345686916,0.0,0.0,0.0,0.0,0.8377845545150481,0.0,0.0,0.0,0.6916510360999848,0.0,0.0,0.0,0.9582269199277653,0.9760547730923662,0.0,0.5657627412241136,0.7203203989905226,0.0,0.0,0.6605998802870667,0.6497821856555895,0.0,1.0,0.594780342432119,0.0,0.0,0.0,0.0,0.0,0.0,0.0,0.0,0.5877130406322806,0.565478714057587,0.0,0.0,0.0,0.925766680666114
0.0,0.7336437059491995,0.0,0.5920956974734092,0.0,0.0,0.0,0.0,0.0,0.0,0.0,0.0,0.0,0.7325418200864872,0.0,0.9602448067208894,0.5527398965140887,0.0,0.0,0.5897723319631205,0.0,0.6124625020707917,0.5877781901934719,0.0,0.0,0.7816518806559718,0.0,0.0,0.0,0.0,0.598395436263915,0.0,0.0,0.5802683302553582,0.0,0.8664855083997255,0.6254130230873783,0.0,0.0,0.0,0.0,0.0,0.0,0.0,0.9843026783921662,0.0,0.0,0.0,0.0,0.7933150085375328,0.0,0.0,0.0,0.0,0.0,0.8431938126693126,0.8188767609239584,0.970454915952752,0.0,0.6739172294071447,0.0,0.0,0.0,0.760773935104674,0.0,0.0,0.8463271636539591,0.0,0.0,0.0,0.0,0.8520035016343811,0.8313496749281742,0.0,0.0,0.0,0.0,0.0,0.0,0.0,0.0,0.0,0.0,0.0,0.0,0.0,0.0,0.0,0.0,0.0,0.0,0.7573468978733225,0.0,0.0,0.0,0.9078734786090189,0.0,0.0,0.594780342432119,1.0,0.0,0.0,0.0,0.0,0.0,0.0,0.0,0.0,0.0,0.0,0.0,0.0,0.0,0.0
0.0,0.0,0.0,0.0,0.0,0.0,0.0,0.0,0.0,0.0,0.9592373678756667,0.5772310672751175,0.0,0.0,0.0,0.0,0.0,0.0,0.0,0.0,0.0,0.0,0.0,0.0,0.0,0.0,0.0,0.0,0.0,0.0,0.0,0.0,0.0,0.0,0.0,0.0,0.0,0.0,0.0,0.0,0.0,0.0,0.0,0.0,0.0,0.0,0.0,0.0,0.0,0.0,0.0,0.0,0.0,0.0,0.0,0.0,0.0,0.0,0.0,0.0,0.5878998857966423,0.0,0.0,0.0,0.0,0.0,0.0,0.0,0.0,0.0,0.0,0.0,0.0,0.0,0.0,0.0,0.0,0.0,0.0,0.0,0.0,0.0,0.0,0.0,0.0,0.0,0.0,0.0,0.0,0.0,0.0,0.0,0.0,0.0,0.0,0.0,0.0,0.0,0.0,0.0,1.0,0.0,0.0,0.0,0.0,0.0,0.0,0.0,0.0,0.0,0.0,0.0,0.0,0.0
0.5559593100325123,0.0,0.0,0.0,0.6121067595210472,0.0,0.0,0.0,0.0,0.0,0.0,0.0,0.9199500333540647,0.7042067826588904,0.0,0.0,0.0,0.0,0.0,0.0,0.0,0.0,0.0,0.0,0.8431493652506183,0.5760383117575378,0.0,0.0,0.0,0.0,0.8274810893981572,0.0,0.0,0.0,0.0,0.0,0.0,0.0,0.0,0.6469229707605169,0.9485974246696103,0.9624534581955623,0.0,0.9818168526411987,0.0,0.0,0.0,0.0,0.0,0.0,0.0,0.7244264013665106,0.0,0.0,0.0,0.0,0.0,0.0,0.0,0.0,0.0,0.0,0.0,0.0,0.0,0.0,0.0,0.0,0.0,0.0,0.0,0.0,0.5909496649252278,0.0,0.0,0.0,0.8625667442138117,0.6541610995679615,0.0,0.0,0.6464495125495296,0.0,0.0,0.0,0.0,0.0,0.0,0.0,0.6097105394243233,0.0,0.0,0.0,0.0,0.0,0.0,0.0,0.0,0.0,0.0,0.0,0.0,1.0,0.0,0.0,0.0,0.0,0.0,0.0,0.0,0.0,0.0,0.0,0.0,0.0
0.0,0.0,0.8274508558327538,0.0,0.0,0.0,0.9192817502559667,0.0,0.0,0.6630613739901727,0.0,0.0,0.0,0.0,0.0,0.0,0.0,0.8709971779682779,0.0,0.0,0.7031804258684433,0.0,0.0,0.0,0.0,0.0,0.9794433417751103,0.8160311341779604,0.6253465037115116,0.9684172227568216,0.0,0.9285517081028251,0.6733338725678474,0.0,0.0,0.0,0.0,0.0,0.8327186254713345,0.0,0.0,0.0,0.7260677374855222,0.0,0.0,0.0,0.0,0.0,0.0,0.0,0.0,0.0,0.0,0.0,0.7434070032857455,0.0,0.0,0.0,0.0,0.0,0.0,0.0,0.0,0.0,0.0,0.0,0.0,0.6678813757991509,0.554745282747111,0.0,0.0,0.0,0.0,0.0,0.0,0.0,0.0,0.0,0.0,0.0,0.0,0.0,0.0,0.0,0.0,0.5966250371187705,0.0,0.0,0.0,0.0,0.9502062442904293,0.0,0.0,0.690536161129126,0.0,0.0,0.0,0.8114095320460025,0.0,0.0,0.0,0.0,1.0,0.6448595709099407,0.0,0.0,0.0,0.6209027126397388,0.0,0.0,0.9742988804016276,0.0,0.0,0.0
0.0,0.0,0.8828054452718298,0.0,0.0,0.0,0.561740288707636,0.6941250715674331,0.0,0.0,0.0,0.0,0.0,0.0,0.0,0.0,0.0,0.0,0.0,0.0,0.986463984750744,0.0,0.0,0.0,0.0,0.0,0.754968319771297,0.9561483332093423,0.0,0.5879347171749462,0.0,0.0,0.6367496746415403,0.0,0.0,0.0,0.0,0.0,0.0,0.0,0.0,0.0,0.932780038390113,0.0,0.0,0.0,0.0,0.0,0.0,0.0,0.0,0.0,0.0,0.0,0.0,0.0,0.0,0.0,0.0,0.0,0.0,0.0,0.0,0.0,0.0,0.0,0.0,0.0,0.0,0.0,0.7899146647081656,0.0,0.0,0.0,0.0,0.0,0.0,0.0,0.0,0.0,0.0,0.0,0.0,0.0,0.0,0.6733332433639377,0.0,0.7454937389277927,0.0,0.0,0.0,0.0,0.0,0.0,0.0,0.0,0.0,0.0,0.0,0.0,0.0,0.0,0.6448595709099407,1.0,0.0,0.0,0.0,0.847240247212185,0.0,0.0,0.7765159203000338,0.0,0.0,0.0
0.0,0.0,0.0,0.0,0.0,0.0,0.0,0.0,0.0,0.0,0.0,0.0,0.0,0.0,0.0,0.0,0.0,0.0,0.0,0.0,0.0,0.0,0.0,0.0,0.0,0.0,0.0,0.0,0.0,0.0,0.0,0.0,0.0,0.0,0.0,0.0,0.0,0.0,0.0,0.0,0.0,0.0,0.0,0.0,0.0,0.6434858105371163,0.0,0.0,0.0,0.0,0.0,0.0,0.0,0.698513676620817,0.0,0.0,0.0,0.0,0.0,0.0,0.9079391887230575,0.0,0.0,0.0,0.0,0.0,0.0,0.0,0.0,0.0,0.0,0.0,0.0,0.0,0.0,0.0,0.0,0.0,0.0,0.0,0.0,0.0,0.0,0.0,0.0,0.0,0.0,0.0,0.0,0.0,0.0,0.0,0.0,0.0,0.0,0.0,0.0,0.0,0.0,0.0,0.0,0.0,0.0,0.0,1.0,0.0,0.0,0.0,0.0,0.0,0.0,0.0,0.0,0.0
0.836823436492193,0.0,0.0,0.0,0.6967310828752804,0.0,0.0,0.0,0.0,0.0,0.0,0.0,0.0,0.0,0.0,0.0,0.0,0.0,0.0,0.0,0.0,0.0,0.0,0.9325554266411463,0.6204021999896583,0.0,0.0,0.0,0.0,0.0,0.0,0.0,0.0,0.0,0.0,0.0,0.0,0.0,0.0,0.7127818760281023,0.0,0.0,0.0,0.0,0.0,0.0,0.0,0.0,0.6696147702342669,0.0,0.0,0.0,0.0,0.0,0.0,0.0,0.0,0.0,0.0,0.0,0.0,0.0,0.6630196751720507,0.0,0.0,0.6420241067109831,0.0,0.0,0.0,0.0,0.0,0.0,0.0,0.0,0.0,0.937881187643088,0.0,0.7111431123173242,0.0,0.0,0.740168443610922,0.0,0.0,0.0,0.8660541952944278,0.0,0.0,0.0,0.0,0.6112021289317241,0.0,0.0,0.0,0.0,0.0,0.0,0.0,0.0,0.0,0.0,0.0,0.0,0.0,0.0,0.0,1.0,0.0,0.0,0.8502132356020423,0.8472371878196513,0.0,0.0,0.0,0.0
0.0,0.0,0.0,0.0,0.0,0.0,0.0,0.0,0.0,0.9326119351353593,0.0,0.0,0.0,0.0,0.0,0.0,0.0,0.0,0.0,0.0,0.0,0.0,0.0,0.0,0.0,0.0,0.0,0.0,0.9417641311835443,0.0,0.0,0.6448882386575912,0.0,0.0,0.0,0.0,0.0,0.0,0.0,0.0,0.0,0.0,0.0,0.0,0.0,0.0,0.0,0.0,0.0,0.0,0.0,0.0,0.0,0.704371369916419,0.0,0.0,0.0,0.0,0.0,0.0,0.0,0.0,0.0,0.0,0.0,0.0,0.0,0.0,0.9502062442903904,0.6168728036705884,0.0,0.0,0.0,0.0,0.0,0.0,0.0,0.0,0.918723583452964,0.0,0.0,0.0,0.0,0.0,0.0,0.0,0.0,0.0,0.0,0.0,0.554778469347491,0.0,0.0,0.0,0.0,0.0,0.0,0.0,0.0,0.0,0.0,0.0,0.0,0.0,0.0,0.0,1.0,0.0,0.0,0.0,0.0,0.0,0.0,0.0
0.0,0.0,0.6678862434047081,0.0,0.0,0.0,0.0,0.0,0.0,0.0,0.0,0.0,0.0,0.0,0.0,0.0,0.0,0.0,0.0,0.0,0.7904677387573212,0.0,0.0,0.0,0.0,0.0,0.6800889897467298,0.8377962085573456,0.0,0.0,0.0,0.0,0.0,0.0,0.0,0.0,0.0,0.0,0.0,0.0,0.0,0.0,0.9684176424161259,0.0,0.0,0.0,0.6254171179134994,0.6635229405750256,0.0,0.0,0.0,0.0,0.0,0.0,0.0,0.0,0.0,0.0,0.0,0.0,0.0,0.0,0.0,0.0,0.0,0.0,0.0,0.0,0.0,0.0,0.0,0.0,0.0,0.0,0.6669829045700361,0.0,0.0,0.0,0.0,0.0,0.0,0.0,0.6149920415970755,0.0,0.0,0.0,0.0,0.0,0.0,0.0,0.6047984584472165,0.0,0.0,0.0,0.0,0.0,0.0,0.6853072200263172,0.0,0.0,0.0,0.0,0.6209027126397388,0.847240247212185,0.0,0.0,0.0,1.0,0.0,0.0,0.712613313217354,0.6749481033226001,0.0,0.0
0.7644729628816694,0.0,0.0,0.0,0.6701492249116703,0.7741474382231991,0.0,0.0,0.0,0.0,0.0,0.0,0.0,0.0,0.6368174326812291,0.0,0.6014503423315077,0.0,0.0,0.0,0.0,0.5763528561926183,0.0,0.8468655006125252,0.0,0.0,0.0,0.0,0.0,0.0,0.0,0.0,0.0,0.0,0.0,0.0,0.0,0.0,0.0,0.6550520016052209,0.0,0.0,0.0,0.0,0.0,0.0,0.0,0.0,0.8922656928574593,0.0,0.0,0.0,0.0,0.0,0.0,0.0,0.0,0.0,0.0,0.0,0.0,0.0,0.8512679090565135,0.0,0.0,0.8603171890543087,0.0,0.0,0.0,0.0,0.0,0.0,0.0,0.0,0.0,0.8325189353869618,0.0,0.0,0.0,0.0,0.6667654204865995,0.0,0.0,0.0,0.9818228188279792,0.0,0.8097065031715462,0.0,0.5526691854680976,0.6895193289795991,0.0,0.0,0.0,0.0,0.7468284175381422,0.0,0.5559289098931697,0.0,0.5877130406322806,0.0,0.0,0.0,0.0,0.0,0.0,0.8502132356020423,0.0,0.0,1.0,0.9992990177425538,0.0,0.0,0.0,0.7345183306064298
0.7459376965599442,0.0,0.0,0.0,0.6484217043290228,0.7878371432550741,0.0,0.0,0.0,0.0,0.0,0.0,0.0,0.0,0.6144462238031664,0.0,0.5819528061399926,0.0,0.0,0.0,0.0,0.5545486168070536,0.0,0.8333156280932121,0.0,0.0,0.0,0.0,0.0,0.0,0.0,0.0,0.0,0.0,0.0,0.0,0.0,0.0,0.0,0.633813659886902,0.0,0.0,0.0,0.0,0.0,0.0,0.0,0.0,0.9067726245166525,0.0,0.0,0.0,0.0,0.0,0.0,0.0,0.0,0.0,0.0,0.0,0.0,0.0,0.8687559236314908,0.0,0.0,0.8767604041984143,0.0,0.0,0.0,0.0,0.0,0.0,0.0,0.0,0.0,0.8191985128250456,0.0,0.0,0.0,0.0,0.6460526324778673,0.0,0.0,0.0,0.9742785990716082,0.0,0.8114114653485167,0.0,0.0,0.6671649053504054,0.0,0.0,0.0,0.0,0.7557834359446601,0.0,0.0,0.0,0.565478714057587,0.0,0.0,0.0,0.0,0.0,0.0,0.8472371878196513,0.0,0.0,0.9992990177425538,1.0,0.0,0.0,0.0,0.7157073754579141
0.0,0.0,0.9187779477622547,0.0,0.0,0.0,0.8951655653970261,0.0,0.0,0.0,0.0,0.0,0.0,0.0,0.0,0.0,0.0,0.7996667885675457,0.0,0.0,0.8296966223496007,0.0,0.0,0.0,0.0,0.0,0.9984868822867502,0.9187145466942906,0.0,0.9368952410092258,0.0,0.8376217044308122,0.7371818736145541,0.0,0.0,0.0,0.0,0.0,0.8313607747475262,0.0,0.0,0.0,0.8274623151146635,0.0,0.0,0.0,0.0,0.0,0.0,0.0,0.0,0.0,0.0,0.0,0.7345820706199624,0.0,0.0,0.0,0.0,0.0,0.0,0.0,0.0,0.0,0.0,0.0,0.0,0.629526085281596,0.0,0.0,0.6299144177496865,0.0,0.0,0.0,0.0,0.0,0.0,0.0,0.0,0.0,0.0,0.0,0.0,0.0,0.0,0.6823582623967865,0.0,0.5788675918373368,0.0,0.0,0.8850312810337033,0.0,0.0,0.6498220337064223,0.0,0.0,0.0,0.7637928229439557,0.0,0.0,0.0,0.0,0.9742988804016276,0.7765159203000338,0.0,0.0,0.0,0.712613313217354,0.0,0.0,1.0,0.0,0.0,0.0
0.0,0.0,0.0,0.0,0.0,0.0,0.0,0.0,0.0,0.0,0.0,0.0,0.0,0.0,0.0,0.0,0.0,0.0,0.7978863241346847,0.0,0.0,0.0,0.0,0.0,0.0,0.0,0.0,0.0,0.0,0.0,0.0,0.0,0.0,0.0,0.0,0.0,0.0,0.0,0.0,0.0,0.0,0.0,0.0,0.0,0.0,0.0,0.9679906541810508,0.9880533855263973,0.0,0.0,0.0,0.0,0.0,0.0,0.0,0.0,0.0,0.0,0.0,0.0,0.0,0.0,0.0,0.0,0.0,0.0,0.0,0.0,0.0,0.0,0.0,0.0,0.0,0.7677361295282784,0.9929089659095571,0.0,0.0,0.0,0.0,0.0,0.0,0.0,0.8974803861392329,0.8317313553702865,0.0,0.0,0.0,0.0,0.0,0.0,0.0,0.0,0.0,0.0,0.0,0.0,0.0,0.6421656408232007,0.0,0.0,0.0,0.0,0.0,0.0,0.0,0.0,0.0,0.6749481033226001,0.0,0.0,0.0,1.0,0.7740038771082584,0.0
0.0,0.0,0.0,0.0,0.0,0.0,0.0,0.0,0.0,0.0,0.0,0.0,0.0,0.0,0.0,0.0,0.0,0.0,0.6365054121872532,0.0,0.0,0.0,0.0,0.0,0.0,0.0,0.0,0.0,0.0,0.0,0.0,0.0,0.0,0.0,0.0,0.0,0.0,0.0,0.0,0.0,0.0,0.0,0.0,0.0,0.0,0.8161632514239493,0.6632050219565484,0.8376781753087705,0.0,0.0,0.0,0.0,0.0,0.0,0.0,0.0,0.0,0.0,0.0,0.0,0.0,0.0,0.0,0.0,0.0,0.0,0.0,0.0,0.0,0.0,0.0,0.0,0.0,0.726503372358924,0.7195289915568336,0.0,0.0,0.0,0.0,0.726256565533651,0.0,0.0,0.0,0.0,0.0,0.0,0.0,0.0,0.0,0.0,0.0,0.0,0.0,0.0,0.0,0.0,0.0,0.6241042367519315,0.0,0.0,0.0,0.0,0.0,0.0,0.0,0.0,0.0,0.0,0.0,0.0,0.0,0.7740038771082584,1.0,0.0
0.7449736743251716,0.8708936549179336,0.0,0.9046077946184585,0.7978706926213209,0.0,0.0,0.0,0.7408064879413636,0.0,0.0,0.0,0.0,0.0,0.9383372035740246,0.0,0.9754561264961966,0.0,0.0,0.0,0.0,0.9378973278888268,0.8907319060216399,0.6978192035063627,0.0,0.0,0.0,0.0,0.0,0.0,0.0,0.0,0.0,0.5991459720290018,0.722211910596636,0.0,0.8921426734166003,0.7882562326567559,0.0,0.7549279921680474,0.0,0.0,0.0,0.0,0.0,0.0,0.0,0.0,0.0,0.0,0.0,0.0,0.0,0.0,0.0,0.7286761664278293,0.0,0.0,0.0,0.0,0.0,0.7261825859020746,0.0,0.7873352404922298,0.8303879983280226,0.0,0.6072742533982102,0.5733279714413041,0.0,0.0,0.0,0.0,0.0,0.0,0.0,0.6749257950031837,0.0,0.0,0.0,0.0,0.7371788506082664,0.0,0.0,0.0,0.8049750111249206,0.0,0.7336466776355649,0.0,0.8170945818978588,0.9199554848042387,0.0,0.0,0.8502132526335534,0.0,0.5763954186415635,0.5738867564439684,0.8377879583469224,0.0,0.925766680666114,0.0,0.0,0.0,0.0,0.0,0.0,0.0,0.0,0.0,0.7345183306064298,0.7157073754579141,0.0,0.0,0.0,1.0
